customer_id,name,email,city,join_date
1,Christopher Marsh,nicolejohnson@example.net,Kimberlychester,2025-04-11
2,Rita Adams,reyesbenjamin@example.com,East Lisa,2024-04-01
3,Robert Perez,kellerraymond@example.com,Port Joshuahaven,2024-01-26
4,Ms. Teresa Wilson,gregory40@example.org,Reedmouth,2024-03-06
5,Mrs. Stephanie Lee,fletcheraaron@example.net,West Ryan,2025-09-18
6,Lisa Alvarado,cortezkevin@example.com,Nguyenport,2024-07-13
7,Maurice Gray,christinaturner@example.net,West Justinchester,2025-03-24
8,Erica Ramos,williamleon@example.net,Lake Christopher,2024-05-31
9,Frances Cardenas,emilywalker@example.org,North Brandon,2025-10-27
10,Patricia Gibson,jennifercruz@example.com,East Diana,2022-11-20
11,Patricia Rodriguez,zrobinson@example.net,Williamsbury,2025-08-15
12,Casey Marshall,stephanie79@example.net,Rivasside,2024-03-16
13,Scott Cole,maryramirez@example.net,Simsview,2024-03-10
14,Cynthia Rogers,taylorjesse@example.net,Lake Jason,2024-02-11
15,John Brown,xprice@example.net,Port Nicoleshire,2024-01-04
16,Guy Molina,vmedina@example.net,South Jeffrey,2024-03-05
17,George Shelton,dramsey@example.org,South Brittanytown,2023-02-14
18,Sean White,nicholas37@example.com,Kathleenfurt,2023-09-14
19,Jennifer Conley,ismith@example.org,Jeffreyland,2025-03-19
20,Nicole Herring,maryhowell@example.org,South Elizabeth,2024-07-24
21,Michael Wang,catherinestuart@example.net,Port Loriport,2023-03-12
22,Eric Byrd,tsanders@example.org,New Hannahbury,2023-03-05
23,Sarah Burke,hoganashlee@example.org,Amandastad,2023-01-28
24,Alexandria Fisher,xgarcia@example.net,Zimmermanchester,2023-05-26
25,Marie Gilbert,umarshall@example.net,Marcusbury,2025-05-12
26,Stephen Sanchez,qhudson@example.com,Anthonymouth,2023-06-01
27,Robert Peterson,angela83@example.org,Lake Richard,2024-07-14
28,John Joseph,fmcguire@example.com,South Heather,2023-10-15
29,Kara Schmidt,jbarajas@example.com,Jacquelineview,2023-10-16
30,Nathan Stewart,jamesrodgers@example.com,Tinaborough,2023-10-04
31,Eric Erickson,joshuamccann@example.net,Heidiberg,2024-10-13
32,Ashley Smith,taylor75@example.org,West Shelleyfort,2023-03-19
33,John Ray,hernandezlisa@example.com,East Davidchester,2024-09-08
34,Courtney Mills,tkerr@example.net,Torreston,2024-09-12
35,Theresa Clark,josephmiller@example.org,New Charles,2022-11-16
36,Kirk Carter,keithcampbell@example.com,Lake Jesusview,2025-03-26
37,Mary Peck,owilson@example.net,West Margaret,2023-01-31
38,Eric Curry,scott74@example.net,Benderhaven,2024-06-27
39,Kyle Preston,cassandra01@example.org,Port Emilyview,2024-08-06
40,Casey Stone,lmoon@example.net,Waltersfort,2025-10-11
41,Jason Morris,hodgemark@example.net,Robertsfurt,2025-04-23
42,Jordan Edwards,darrell68@example.org,Gutierrezborough,2024-06-04
43,Kathleen Ramos,harrisandrea@example.com,Gilmorefort,2023-03-27
44,Lisa Allen,lancesmith@example.com,East Victoriaville,2024-04-02
45,Ronnie Jimenez,william46@example.com,Sanchezside,2023-04-21
46,Kyle Francis,michellehill@example.com,Sarahhaven,2023-09-02
47,Nicholas Monroe,cgrimes@example.net,Reedside,2025-02-27
48,Timothy Kane,ashleyhall@example.com,West Juliefurt,2024-01-11
49,Samantha Pollard,ihanna@example.net,Mollymouth,2023-03-03
50,Alexis Thomas,charlesharrington@example.com,Cindyfurt,2024-10-26
51,Sarah Villarreal,ofinley@example.net,Brennanton,2024-09-20
52,Michael Mitchell,juliehamilton@example.org,South Garrettport,2025-07-31
53,Robert Carter,ryan38@example.com,East Gregory,2024-09-12
54,Michael Jimenez,jesselittle@example.com,Elizabethmouth,2025-07-28
55,Brooke Alexander,vanessa46@example.net,Stephenport,2023-06-20
56,John Young,bailey40@example.net,Hillshire,2025-06-19
57,Valerie Lozano,swall@example.org,Jefferyborough,2024-09-24
58,Michelle Hopkins,courtneyberger@example.net,West Kristinaton,2024-08-10
59,Ann Phillips,ithompson@example.net,Alyssaview,2025-05-12
60,Roger Olson,julie51@example.com,East Karenbury,2025-06-13
61,Veronica Coffey,christopher60@example.com,South Miguelview,2024-08-15
62,Teresa Rodriguez,thomasharvey@example.net,Rosebury,2024-10-23
63,Julie Haynes,cwilson@example.org,Wendyville,2023-02-28
64,Brandy Chavez,umatthews@example.org,Penafort,2024-09-18
65,Diana Vaughn,scottsampson@example.com,Lake Michaelstad,2023-01-19
66,Walter Rush,ndavis@example.net,North Kristinbury,2025-11-01
67,Christine Gallegos,brendali@example.org,Kimtown,2023-09-13
68,Dr. Kimberly Lindsey,guerreroanthony@example.org,Kristybury,2024-08-20
69,Derek Martinez,vfox@example.org,Weststad,2024-05-29
70,Jonathan Dougherty,acostaregina@example.net,Stephentown,2023-01-19
71,James Parks,cjoseph@example.org,West Charleneland,2023-04-01
72,Lauren Joseph,hvang@example.com,Wagnerchester,2023-03-02
73,Sarah Curtis,russellbeasley@example.com,Mariafurt,2024-02-12
74,Jeffery Ortega,stephanie71@example.org,North Ryanstad,2025-04-21
75,Laurie Hoffman,elizabeth65@example.net,Parrishton,2025-10-10
76,Heather Lane,ericolson@example.org,Meganstad,2023-03-19
77,Darrell Patterson,lynchdiane@example.net,Anthonyview,2024-12-23
78,Gerald Smith,ashleymorales@example.org,North Julieborough,2023-12-31
79,Christopher Collins,kimberly99@example.org,East Ericton,2024-11-21
80,Matthew Tucker,nperry@example.net,West Russellport,2024-11-26
81,Kelsey Parker,randallgreene@example.org,West Sierra,2025-03-04
82,Donna Wilson,lburgess@example.org,Patelbury,2024-05-15
83,Renee Jones,grahamsteve@example.org,Barbarashire,2024-01-31
84,Donna Sullivan,george97@example.net,Christopherville,2023-08-07
85,Kelly Foster,julie35@example.org,New Cynthiahaven,2024-05-25
86,Hannah Luna,joelthomas@example.org,New Eric,2025-02-23
87,Trevor Burton,wwebster@example.net,Maldonadoshire,2024-10-18
88,Mrs. Tricia Stewart,cjones@example.net,Laurashire,2023-01-14
89,Emily Hayes,woodjustin@example.net,New Brookefurt,2024-04-04
90,Rebecca Huang,kstout@example.net,West Cassidy,2024-05-16
91,Joanna Shepherd,toni18@example.net,North John,2024-03-07
92,Joseph Moore,samantha66@example.com,Port Crystalmouth,2023-01-25
93,Michael Mitchell,mathewaguilar@example.org,Kylefurt,2023-04-04
94,Angela Hansen,lisa81@example.net,Romerotown,2023-12-16
95,Daniel Meza,ilee@example.org,West Meganville,2024-05-23
96,Nancy Rose,nancy92@example.net,Mooreburgh,2025-05-13
97,Rhonda Martin,xwilliams@example.net,South Cheryl,2025-02-15
98,Cynthia Allen,mmckee@example.com,Murrayport,2025-03-15
99,Jennifer Martin,laurietaylor@example.com,Lake Timothystad,2024-07-13
100,Ryan Rosales,christopher24@example.com,Port Samuel,2025-09-16
101,Jerry Bailey,perryrandy@example.com,South Virginia,2023-12-29
102,Timothy Combs,lacey20@example.com,Hortonberg,2025-02-22
103,Luis Bullock,scottmary@example.net,Rodriguezport,2023-08-01
104,David Fowler,fbrown@example.net,Lake Zacharybury,2025-01-09
105,Aaron Gomez,qlopez@example.org,Carloshaven,2024-07-02
106,Katie Smith,ywilliams@example.com,Juliestad,2025-03-27
107,Nicholas Fuller,dennis58@example.com,Port Kimberly,2024-04-06
108,Lynn Cain,baldwinsherry@example.org,Jamesborough,2025-07-11
109,Eric Sanders,wking@example.net,West Michael,2025-03-18
110,Evelyn Martinez,samuel67@example.com,Terrifort,2024-12-11
111,Robert Adams,acostachristian@example.net,New Kelly,2023-03-06
112,Edward Griffin,cjackson@example.com,Williamsstad,2024-09-17
113,Mark Moody,jonesdana@example.com,North Douglas,2024-09-09
114,Amanda Jones,michael90@example.net,Lake Shannon,2023-12-25
115,Billy Taylor,raymond43@example.org,Lake Jacobhaven,2024-01-12
116,Deborah Green,nlewis@example.com,Gonzalezberg,2025-06-05
117,Steven Wallace,cochrantammy@example.com,Jennaside,2024-06-30
118,Sarah Joseph,laurahicks@example.org,Port Dominic,2025-03-29
119,Julian Wood,cherylmiller@example.com,Keyfort,2024-06-12
120,Samantha Jones,dawn77@example.net,Davidside,2024-10-15
121,Vincent Reynolds,guerraapril@example.com,East Marcus,2024-12-30
122,Todd Jacobson,kingcynthia@example.net,Davidport,2024-09-17
123,Martin Vargas,georgeweber@example.net,Meganshire,2022-12-29
124,Angela Fry,debra96@example.net,South Pamelaside,2023-09-27
125,Karen Ballard,eevans@example.net,East Scottfort,2024-04-06
126,Charles Hensley,jessica56@example.org,Zacharyville,2023-10-29
127,Derek Wright,williamssonia@example.net,Wrightburgh,2025-04-23
128,Michelle Lee,tyronerobertson@example.com,Tylerland,2025-09-14
129,Tracy Lewis,brandon47@example.net,Mitchelltown,2025-05-30
130,Stephen Luna,zdiaz@example.org,West Angela,2023-02-02
131,Pamela Ramirez,andersoncolin@example.com,Angelastad,2025-02-18
132,Jordan Porter,williamsjennifer@example.com,Hernandezhaven,2023-04-16
133,Emily Long,brittney88@example.net,Ericksonport,2024-04-17
134,Gary Rodriguez,ysilva@example.net,New Thomasshire,2024-08-08
135,Lauren Jackson,rhernandez@example.org,New Stacyville,2023-06-11
136,Jason Gutierrez,roberthampton@example.com,Lake Devinborough,2024-07-20
137,Mrs. Jamie Frye DDS,amy49@example.com,East Joshua,2023-10-07
138,Vickie Wise,hannahburns@example.com,Annview,2023-09-25
139,Kimberly Huang,xcardenas@example.org,Bobbyland,2023-11-28
140,David Mendoza,marianelson@example.net,Derrickshire,2023-08-03
141,Taylor Perez,briangutierrez@example.net,Garciaberg,2022-11-19
142,Tanya Russell,mwoods@example.com,Justinton,2025-08-05
143,Kenneth Nichols,gentrygregory@example.org,Port Randyfort,2023-06-06
144,Shelia Roberts,smithashley@example.org,Justinside,2024-06-10
145,Brandi Gordon,james15@example.org,Wongburgh,2022-11-29
146,Edward Craig,gregorychase@example.com,Robertsonland,2024-01-27
147,William Woods,adamreyes@example.com,Stephanieport,2024-08-13
148,Deborah Ward,bryanwilson@example.com,South Gina,2025-08-21
149,Patricia Vaughn,michael33@example.org,Hernandezstad,2024-02-12
150,Kaitlin Medina,kathleenbecker@example.net,New Seanstad,2023-02-07
151,Amy Kelley,ashleyhernandez@example.com,Wilsonborough,2025-01-07
152,Steven Griffin Jr.,williambryant@example.org,Chambersport,2025-01-14
153,Robert Reese,williamsmelvin@example.org,North Valeriefort,2022-12-18
154,Randy Cannon,ybrooks@example.com,Bennettside,2023-04-08
155,Barbara Haney,urice@example.org,Port Andrewport,2024-04-04
156,Jessica Gray,johnreed@example.com,Lake Kathy,2022-12-19
157,Lisa Mayer,allencarlos@example.net,South Carlaton,2023-08-09
158,Jeffrey Fernandez,taylorvictoria@example.org,Barbaramouth,2023-07-31
159,Victoria Boyd,dturner@example.net,Lake Erika,2024-07-15
160,Gregory Schneider,ufloyd@example.net,Russellport,2023-12-31
161,Kara Atkinson,meredith27@example.org,Faulknerside,2024-06-16
162,David Rivera,nielsenmelanie@example.org,North Joseph,2024-11-21
163,Shelly Lopez,timothybooth@example.com,Susantown,2023-07-04
164,Patrick Burgess,srocha@example.net,South Rose,2024-07-11
165,Jamie Ferguson,kyle58@example.com,Garciafort,2025-02-25
166,Dale Edwards,hartjeffrey@example.org,West Angelashire,2024-08-09
167,Christian Rivera,phudson@example.com,Jonathanfort,2025-10-08
168,Katherine Jackson,gary87@example.org,New Arthurland,2025-09-14
169,Pamela Gutierrez,carloshernandez@example.org,Brooksfort,2024-11-05
170,Joseph Jenkins,morenojoshua@example.com,New Lisachester,2025-04-15
171,Ashley Davis,johnharvey@example.com,Josephfurt,2023-02-08
172,Judy Sanchez,kevinclayton@example.org,North Richardfurt,2024-07-11
173,Adam Jackson,pbruce@example.com,New Samanthabury,2023-07-03
174,Stacy Alvarez,glassgabrielle@example.com,East Sarahmouth,2022-12-01
175,Charles Hoover,thickman@example.org,New Mary,2024-01-14
176,Evelyn Campos,krystalnorris@example.org,Brianchester,2023-07-26
177,Larry Austin,unovak@example.org,Kristenmouth,2024-05-04
178,Todd Reynolds,nmiller@example.com,Lake Charles,2023-09-03
179,Richard Moore,gstewart@example.org,West Seanview,2023-03-06
180,Jeffrey Hawkins,fgarcia@example.com,New Carlymouth,2025-06-17
181,Jason Maxwell,ashleyjackson@example.com,East Joseph,2023-09-04
182,Christopher Hill,todd15@example.com,Lake Colleen,2024-08-25
183,Brian Torres,ncook@example.com,Scottchester,2025-04-25
184,Valerie Taylor,carrie37@example.com,South Tanya,2023-09-29
185,Katherine Johnston,markramirez@example.com,Danielshire,2023-06-20
186,Catherine Saunders MD,nhahn@example.com,Marieland,2025-04-29
187,Jennifer Porter,john26@example.com,South Vickifort,2024-08-13
188,Tammy Kane,ystephens@example.com,North Kaylastad,2023-05-15
189,Kristine Newman,vrasmussen@example.com,North Coreybury,2024-05-26
190,Lauren Johnston,dbrooks@example.net,West Whitney,2024-04-26
191,Thomas Miller,michaelcooper@example.org,Baileyville,2024-03-08
192,Emma Evans,johnsonmatthew@example.org,Lake John,2023-05-24
193,Justin Mullen,laurensoto@example.org,Fosterborough,2024-03-20
194,Aaron Lewis,karen19@example.org,West Mark,2024-03-29
195,Scott Rose,candice96@example.net,West Michaelmouth,2024-09-20
196,Michele Evans,powerslawrence@example.org,Darylstad,2024-12-13
197,Jennifer Taylor,fhenderson@example.net,New Garrett,2023-09-26
198,Ryan Harvey,stephanie72@example.org,Maynardhaven,2024-10-29
199,John Mckinney,fburns@example.net,Port Kathleenport,2022-12-19
200,Dylan Norman,hdunn@example.net,West Kimberlystad,2024-06-30
201,Olivia Alexander,veronicagarcia@example.net,West Nancy,2022-12-19
202,Scott Miller,rowejoel@example.net,Michellechester,2023-05-14
203,Daniel Clark,hudsonamanda@example.net,West Tiffany,2023-09-30
204,Tiffany Robertson,taylorkaren@example.com,West Michelleberg,2024-12-21
205,Charles Morris,kathleenlowe@example.com,New Cynthia,2024-10-02
206,Bernard Norton,powellkara@example.net,Shawnfort,2023-11-07
207,Raymond Oconnor,sreid@example.com,Port Amandaborough,2025-10-10
208,Kathleen Morris,matthew92@example.net,Kramerton,2023-01-03
209,Sara Smith,scottsmith@example.com,Lake Regina,2025-07-07
210,Shannon Mcdowell,penajohn@example.com,North Randy,2023-10-14
211,Cynthia Rios,smiththomas@example.org,New Erin,2022-11-24
212,Ruth Mcneil,ebenson@example.org,South Christopher,2025-04-15
213,Jacob Evans,wayala@example.org,North Alyssa,2022-11-23
214,Jessica Bowen,samanthajensen@example.com,North Peggy,2023-04-16
215,Nicholas Bell,iedwards@example.org,Deannabury,2024-07-12
216,Lisa Maxwell,abbottdominique@example.com,New Catherine,2023-06-08
217,Matthew Bowers,troyrodriguez@example.com,New Pamelatown,2025-10-30
218,Bonnie Valencia,rdiaz@example.org,Bestland,2022-12-02
219,Dennis Williams,fryraymond@example.com,Hendersonfurt,2023-02-12
220,Lisa Ramirez,christian32@example.net,Peterland,2023-10-19
221,Troy Allen,christopherhamilton@example.com,West Elizabethburgh,2023-03-24
222,Meredith Martin,alexandra42@example.com,Lake Kimberly,2023-09-04
223,Patricia Johnson,enelson@example.com,South Spencerstad,2023-01-13
224,Carol Moore,shannonemily@example.org,Lake William,2023-01-01
225,Dana Ruiz,lmora@example.org,Walkerbury,2024-02-13
226,Denise Miller,david02@example.org,South Caseymouth,2025-06-20
227,Emily Miller,msmith@example.com,Jodibury,2024-04-05
228,Katherine Barton,jessicapayne@example.org,North Sarah,2022-12-10
229,Makayla Steele,tapiaaaron@example.net,Sweeneyport,2023-03-07
230,Cynthia Vasquez,kaufmandouglas@example.com,North Samanthahaven,2024-02-09
231,Judy Adkins,wagnerdana@example.com,New Ashleychester,2024-11-09
232,Eddie Rosales,vhaynes@example.com,Shawnbury,2023-02-03
233,Richard Richards,danielcole@example.com,Martinezstad,2025-10-06
234,Eric Baker,davislindsey@example.com,East Marymouth,2023-04-25
235,Tracy Foster,byrdjorge@example.org,South Melissaside,2025-02-10
236,Joel Lara,davidbrown@example.org,East Madison,2023-12-26
237,Maria Aguilar,samantha10@example.org,Lake Scott,2023-04-04
238,Sandra Rivera,dunlapbrent@example.net,Underwoodfurt,2024-05-10
239,Jeffery Gomez,joshuagriffin@example.org,New Christinebury,2024-10-23
240,Dr. John Miller MD,zgonzalez@example.net,Lake Virginia,2024-07-01
241,James Reeves,fstephens@example.com,Paulburgh,2022-12-12
242,Alyssa Cochran,brian78@example.com,East Craig,2024-11-02
243,Robert Stark,gallagherstacie@example.net,Kellyburgh,2023-05-26
244,Renee Wolfe,warnermichael@example.net,New Stacy,2025-05-19
245,Tracy Weaver,tracydavis@example.org,North Alisha,2022-11-14
246,Christina Anderson,samantharichard@example.com,North Dylanberg,2025-03-11
247,Shannon Yu,janet69@example.org,Kevinberg,2025-10-18
248,Jessica Fowler,lbanks@example.net,Jeffreyshire,2025-04-24
249,Nicholas Phillips,jessicarush@example.net,Rosalesshire,2022-12-19
250,Tammy Ponce,daniellegarcia@example.com,West Julie,2023-08-01
251,Mrs. Stacey Davis,sean43@example.org,West Jonathanville,2025-01-11
252,Jeffrey Barnes,nicolesnyder@example.com,Amyville,2025-05-10
253,Laura Chang,franciscojones@example.org,Andrewview,2025-09-22
254,Christopher Bennett,paynerachael@example.org,Brookefort,2024-12-25
255,Matthew Lawson,gmoore@example.com,East Robert,2024-07-13
256,Kimberly Guerrero,john06@example.net,Hernandezstad,2022-11-18
257,Rodney Weber,bgonzalez@example.org,Lake Kelly,2023-02-11
258,Elizabeth Sanders,qjacobson@example.org,Lopezfurt,2023-12-23
259,Dennis Marshall,maryelliott@example.org,North Elizabethside,2024-02-10
260,Crystal Brown,acardenas@example.net,Armstrongbury,2024-04-18
261,Steven Klein,davidtodd@example.org,East Lindsey,2023-04-01
262,William Graham,maryscott@example.net,North Paulfurt,2024-07-11
263,Kelly Stark,buchanancindy@example.net,Rodriguezberg,2023-04-25
264,Olivia Ayers,hartcraig@example.com,Natalieview,2024-01-07
265,Mr. Andrew Hill,christinebecker@example.com,South Pamelamouth,2024-12-09
266,John Adams,andrew44@example.com,Garrisonville,2025-10-14
267,Eric Manning,joseph69@example.net,East Scottchester,2025-02-03
268,Sharon Nicholson,cameronmckinney@example.com,Port Melissa,2025-07-04
269,Corey Whitaker,wrightstephen@example.com,West Micheal,2024-04-05
270,Thomas Maldonado,nathanwheeler@example.org,Matthewsstad,2023-11-26
271,Deanna Rivas,mitchellpaul@example.org,Port Jeffrey,2023-07-18
272,Matthew Palmer,wellsdavid@example.org,East Johnnyport,2025-01-03
273,Desiree Woodard,stephen37@example.com,Silvatown,2024-05-27
274,Sarah Brooks,kenneth17@example.org,Vanessamouth,2025-06-15
275,Michael Stafford,jacob83@example.org,Guerreroberg,2025-01-12
276,Yolanda Green,vsullivan@example.org,West Jessica,2023-07-15
277,Rachel Knox,william28@example.org,Connorberg,2025-02-03
278,Kristin Gaines,destiny35@example.org,Robertmouth,2023-12-26
279,Julie Wilson,delacruzbrandy@example.net,South Pamelahaven,2023-03-25
280,Kendra Gutierrez,derrickgonzalez@example.com,Thomasburgh,2025-03-16
281,Mr. Christopher Walters,hayesjason@example.org,South Kristen,2025-03-17
282,Jeffrey Jordan,ysanford@example.org,New Jamesstad,2025-09-20
283,Nicole Schmidt,rhodescourtney@example.org,Lake Natalie,2023-10-22
284,Jonathan Torres,colonkenneth@example.com,Lunahaven,2023-11-19
285,Whitney Cooper,mhoward@example.org,Smithbury,2025-01-18
286,Nicholas Lawrence,daviddawson@example.org,Mcdowellview,2025-03-08
287,Linda Williams,valdezandrew@example.net,South Seanville,2024-07-05
288,Christian Neal,turnerdorothy@example.net,Cindyberg,2024-02-16
289,Kayla Williamson,daniel17@example.org,Port Jose,2024-06-09
290,Michael Phillips,kelleyrenee@example.net,Riveratown,2022-11-27
291,Brian Andrews,fhernandez@example.net,Lake Jenniferview,2024-10-20
292,William Baker,garciagregg@example.org,Michaelmouth,2024-02-23
293,Samuel Zamora,christianelizabeth@example.org,Michaelmouth,2025-09-25
294,Nicholas Watson,ian66@example.com,Maryfort,2025-04-08
295,Rebecca Wilson,jarvismegan@example.org,Pruittfort,2025-04-11
296,Catherine James,cheryl27@example.com,South Scottland,2023-08-27
297,Michael Gregory,tiffanysantiago@example.com,South Dorothybury,2024-04-25
298,Margaret Hernandez,smithsarah@example.net,Christianburgh,2023-02-04
299,David Cordova Jr.,andreagray@example.org,South Seanshire,2024-03-19
300,Jillian Wilson,bmcgee@example.org,Gutierrezside,2024-07-07
301,Rebecca Richmond,pamela83@example.net,Clementsstad,2025-05-06
302,Sarah Rivera,xmoran@example.net,Wilsonbury,2022-11-16
303,Mark Marsh,jacqueline02@example.com,Port Jennifer,2025-01-12
304,Levi Lopez,ylewis@example.org,Danielchester,2023-01-03
305,Megan Martinez,lellis@example.net,South Adam,2025-01-28
306,Jessica Richards,heatherthompson@example.org,South Dianemouth,2024-05-19
307,William Moon,joshuastuart@example.com,Ballardberg,2024-02-09
308,Nicole Evans,jennifer83@example.org,New Jennifer,2024-12-05
309,Brandi Page,williambenson@example.com,Port Michaelfort,2024-08-13
310,Michelle Craig,natalie60@example.net,North Oscarton,2024-11-17
311,Paul Martin,frances20@example.net,Jamesside,2022-12-19
312,Ashley Parrish,juliahoffman@example.org,Heatherton,2025-08-25
313,Tyler Daugherty,tammy00@example.net,Jamesmouth,2025-05-11
314,Michele Holland,kimberlybrandt@example.com,Thompsonland,2023-06-06
315,Jose Bennett,qramirez@example.org,New Meghan,2022-11-20
316,Timothy Williams,candice94@example.com,Charlesmouth,2024-06-11
317,Kelly Hartman,robertherrera@example.org,Jeffreyborough,2024-11-10
318,Edward Clements,wbarajas@example.net,North Elizabethmouth,2023-08-04
319,Tamara Sanchez,flemingmanuel@example.org,Scottport,2022-12-11
320,Patricia Robertson,stucker@example.net,West Willie,2025-09-18
321,Tyler Medina,simsjason@example.net,Port Gina,2025-05-17
322,Ronald Johns,elucas@example.net,North Stephen,2023-11-12
323,Anthony Bauer,andrewsjeremy@example.com,Hughesfurt,2024-03-02
324,Michael Nichols,avilabrenda@example.net,West Sarahville,2023-09-27
325,Lisa Campbell,qjames@example.org,Moorebury,2023-04-12
326,Robert Gardner,kennetheaton@example.net,Susantown,2024-07-12
327,Barbara Smith,fmedina@example.com,Lake Judith,2025-01-17
328,Taylor York,eugenewalker@example.com,North Howard,2025-04-08
329,Sarah Randolph,enewman@example.com,West Coreyshire,2024-04-30
330,Carl Rios,mitchellchad@example.org,Toddmouth,2024-09-19
331,Kevin Cunningham,lindsey62@example.org,Johnbury,2025-01-02
332,Destiny Ward,natalie77@example.com,Tonyville,2023-05-25
333,Sarah Trevino,patriciagonzalez@example.net,Lake Charlestown,2025-06-02
334,Robin Riley,rebeccaarnold@example.net,Valdezberg,2023-12-19
335,Raymond Quinn,dennis88@example.org,Coxtown,2024-11-09
336,Renee Mendez,katherinetaylor@example.org,New Stacy,2024-11-05
337,Nancy Webb,billy73@example.org,Miketon,2024-11-15
338,Rebecca Hughes,ckeith@example.net,Dakotahaven,2024-10-08
339,Patrick Lane,nicholasgray@example.net,New Johnbury,2024-06-01
340,Sean Tucker,aeaton@example.net,South Gabriel,2023-02-06
341,Christine Lopez,carolyn13@example.com,Jenniferfort,2024-11-23
342,Kevin Holland,cjohnson@example.org,East Crystal,2022-12-26
343,Amy Scott,zacharysullivan@example.net,Lake Jessicaport,2025-09-17
344,Lawrence Ruiz,ajackson@example.net,Port Brandi,2025-03-04
345,Kayla Jackson,sandra99@example.org,South Paul,2023-03-12
346,Scott Gordon,mserrano@example.org,South Rachel,2024-09-01
347,Kim Goodwin,olsondavid@example.net,Port Erikachester,2024-06-08
348,Andrew Moreno,shawnaolson@example.com,Briannashire,2023-03-01
349,John Hall,campbellnancy@example.com,Jacobtown,2024-08-08
350,Adam Pena,robert12@example.com,Joseside,2024-02-21
351,Donald Becker,robertbowers@example.com,West Angie,2024-04-27
352,Laura Schroeder MD,melissahopkins@example.net,South Krista,2025-09-19
353,Jordan Hartman,martintamara@example.org,Port Dustinchester,2023-02-18
354,Jacob Lynch,zarias@example.net,Jenniferton,2025-09-15
355,Margaret Gonzales,melissagalvan@example.net,Jameshaven,2024-06-01
356,Christopher Johnson,dianacantrell@example.org,Kimberlystad,2024-11-16
357,Curtis Smith,calhounandrea@example.net,Michaelview,2023-07-20
358,Jordan Powell,greenrichard@example.org,New Kellyville,2025-04-12
359,Sherri Li,heather69@example.com,Port Matthew,2025-03-13
360,Stephanie Atkins,ewilson@example.com,Lake Jacqueline,2025-04-08
361,Harry Nichols,john16@example.net,Charlesburgh,2024-04-19
362,Steven Adams,victorgonzalez@example.net,Port Joseph,2023-07-23
363,Sara Kelly,wilsonchristian@example.net,Austinside,2025-09-28
364,Jacqueline Stewart,travis84@example.com,Port Barbara,2023-01-12
365,Karen Fernandez,phillip27@example.org,Stewarttown,2022-11-26
366,Kevin Nguyen,jacob43@example.com,Mullenmouth,2023-12-20
367,Mr. Michael Watson PhD,shannon92@example.net,Port Cory,2023-09-05
368,Jeffrey James,laurenrodgers@example.com,East Robertberg,2025-11-09
369,Kelly Le,jevans@example.net,South Coreyburgh,2023-01-18
370,Karen Soto,qgarner@example.com,Annview,2023-11-26
371,Gregory Frazier,barbarasantos@example.net,Port Justin,2023-11-05
372,Patricia Griffin,jamesjustin@example.net,Port Gary,2025-04-17
373,Mark Duncan,millermatthew@example.com,Deniseview,2024-09-07
374,Stephen Norman,julie87@example.com,East Melissa,2023-03-31
375,David Manning,clarkrandy@example.org,South Amytown,2025-03-07
376,Whitney Garcia,christopherhuynh@example.com,Jeromeport,2024-03-13
377,Joseph Jackson,alvaradomichelle@example.com,Mcdonaldside,2025-09-03
378,Brandy Fry,brittanybryant@example.net,Millsside,2023-10-19
379,Joshua Ballard,aparker@example.com,West Alex,2024-06-09
380,Brandy Mitchell,wattstravis@example.com,Albertchester,2025-04-06
381,Rebecca Kelley,robertcastro@example.com,East Jennifer,2024-10-22
382,Connie Miller,zacharymarsh@example.net,Justinside,2025-04-18
383,Scott White,daniel79@example.com,Jackiefort,2023-06-07
384,Anthony Nichols,teresacampbell@example.org,Acostabury,2023-02-20
385,Daniel Fisher,dbolton@example.net,West Christopherberg,2023-01-14
386,Andrea Harrison,paulawright@example.com,North Theresabury,2024-01-09
387,Danielle Vang,stevenwise@example.net,South Paul,2025-10-02
388,Caitlin Chandler,kingdanielle@example.org,Paigeborough,2025-10-15
389,Jeffrey Smith,brenda63@example.org,New Kristenfort,2024-12-07
390,Randy Wright,ndavis@example.com,North Michaelberg,2024-12-21
391,Beth Hall,linda73@example.org,Howardberg,2023-08-15
392,Michael Hansen,llopez@example.net,Mariomouth,2023-09-11
393,Suzanne Spencer,schmidtshannon@example.com,Shawnhaven,2024-01-03
394,Albert Vincent,malikbrown@example.net,Leefort,2025-03-02
395,Douglas Ortiz,daniel81@example.org,East Morgan,2023-06-23
396,Mr. Kenneth Huff,sfox@example.net,Brandonbury,2024-09-08
397,Timothy Clark,fhebert@example.com,West Angelachester,2025-05-02
398,Amy Jensen,navarromary@example.org,New Colton,2025-01-16
399,Chelsey Fox,ashleymeza@example.net,Reeseshire,2023-12-11
400,Maurice Andrade,laurapierce@example.net,Dianeside,2025-11-12
401,Harold Edwards,megan66@example.net,Charleneshire,2024-07-04
402,Joshua Garner,suzanne76@example.org,West Caitlinhaven,2023-04-11
403,Abigail Joyce,melissasmith@example.net,Samanthahaven,2024-07-15
404,Brittney Johnson,eric45@example.net,East Jonathan,2023-10-09
405,Laura Robinson,cummingslaura@example.org,Petersenshire,2025-04-30
406,Martin Johnson,dmiller@example.com,Nicholechester,2024-02-13
407,Sheila Perez,walterscrystal@example.org,Alicemouth,2024-06-27
408,Jonathan Walker,nunezwendy@example.com,East Ryanfurt,2023-04-25
409,John Mcgee,zbaker@example.net,Ayalaberg,2025-02-26
410,Mr. James Duncan,johnadams@example.com,Gailshire,2023-02-20
411,Jessica Bailey,melvin04@example.org,Christinamouth,2024-09-27
412,Thomas Hall,eric11@example.net,East Stacyberg,2025-06-23
413,Alexis Benson,torresthomas@example.com,Lake Amanda,2023-06-25
414,Deanna Webb,heatherbarnett@example.com,West Georgeport,2023-06-21
415,Denise Marshall,jonesdonna@example.net,Michelletown,2023-09-30
416,Jasmine Whitney,mckeetodd@example.net,East Jamesmouth,2024-07-20
417,Amanda Nielsen,matthew62@example.org,Gabriellestad,2024-09-29
418,William Mason,garrettnatasha@example.org,Jeremiahmouth,2025-07-24
419,Anita Reyes,robertberry@example.com,Reneemouth,2024-03-20
420,Matthew Carpenter,michelleparker@example.net,South Wendy,2025-10-18
421,Timothy Stark,carlos81@example.org,Maryberg,2025-01-18
422,Sheryl Gutierrez,vturner@example.net,Edwinborough,2023-03-11
423,Phillip Salazar,catherine93@example.net,East Grace,2023-12-12
424,Karen Shaw,xjoseph@example.org,Henryberg,2023-05-12
425,Jason Novak,stephanie33@example.org,East Saramouth,2025-06-21
426,Frederick Ellis II,mparsons@example.net,Cortezfurt,2024-09-14
427,Linda Fox,meyershannon@example.org,New Amanda,2025-10-27
428,James Hubbard,leescott@example.com,Stevenchester,2023-10-02
429,Melissa Mckee,cgallegos@example.org,East Kimberlyside,2023-04-11
430,Jerry White,nicoledavis@example.com,Lake Jessica,2023-02-21
431,Madison Miller,gacosta@example.net,South Andrea,2023-01-01
432,George Savage,fernandothomas@example.net,South Kylemouth,2023-09-26
433,Steven Horne,deanjohnny@example.com,Foleyside,2025-04-16
434,Katherine Robinson,cchavez@example.org,East Nicoleview,2024-09-23
435,Samantha Williams,brianbailey@example.org,Lake Belindaport,2023-11-11
436,Brian Chaney,emilycarr@example.net,South Kara,2023-12-13
437,Randy Morris,wwilkins@example.com,West Thomasville,2024-12-14
438,Joseph Warren,cherylrodriguez@example.net,South Jenniferport,2024-02-25
439,Debbie Andrews,sara99@example.com,Vasquezburgh,2025-07-09
440,Dylan Lee,johnsoncolleen@example.org,Port Christina,2024-02-11
441,Gregory Shaffer,alexharris@example.com,Kristyport,2023-10-09
442,Pamela Wilson,matthew99@example.org,East Mark,2023-11-19
443,Sydney Robles,timothyburton@example.net,Stevenchester,2025-08-26
444,Joseph Cunningham,angela03@example.net,Laurenstad,2023-01-25
445,Ryan Morgan,ksims@example.net,Lopezville,2025-06-18
446,Michele Edwards,nelsonchristopher@example.org,Shannonport,2023-07-08
447,Brian Glover,robinwallace@example.org,Steinberg,2023-06-10
448,Morgan Mills,douglas18@example.net,East Jenny,2024-03-31
449,Kelly Smith,mcdanielbrooke@example.org,Steventon,2023-03-07
450,Nichole Johnson,danielle35@example.org,West Joshua,2023-10-29
451,Bruce Hernandez,danny98@example.net,East Amyside,2023-10-29
452,Michael Campbell,georgecollins@example.com,Williamstown,2024-04-12
453,Ashley Brown,tmyers@example.net,Jensenport,2023-11-13
454,Peter Lamb,beltrankatelyn@example.com,North Lisa,2025-08-17
455,Jesus Cohen,oruiz@example.org,Robertafurt,2023-06-02
456,Erin Valencia,shawn01@example.com,West Timothyburgh,2023-09-19
457,Kenneth Romero,yroth@example.org,Angelaland,2025-03-31
458,Jennifer Gutierrez,amydickson@example.com,West Jaredshire,2024-02-29
459,Ms. Gloria Benson,elainemiller@example.net,Wilsonmouth,2023-11-05
460,Jeremy Parker,gjones@example.net,Murphyton,2023-02-21
461,Stacy Berger,shermandonna@example.com,Petershire,2024-03-18
462,Shawn Evans,samantha65@example.org,New Valeriefurt,2025-05-31
463,Amy Santana,smithann@example.com,Port Juliantown,2023-07-29
464,Jennifer Flores,bsullivan@example.net,Lake Glenn,2023-04-15
465,Sarah Ward,qmoore@example.org,North Charles,2022-12-01
466,Katelyn Kim,christophermay@example.com,Englishchester,2024-09-27
467,Jeff Wilkins,lkelly@example.com,New Tyronebury,2025-01-02
468,Timothy Johnston,goodashley@example.net,Danielfort,2025-10-03
469,Nicholas Fox,steven18@example.net,East Thomasland,2024-12-02
470,Lauren Austin,amanda07@example.com,Berrymouth,2024-02-18
471,Rebecca Roberts,nealcarla@example.com,Bryanfort,2024-08-08
472,Mary Carter,mitchellchristopher@example.net,Port Kristenview,2023-04-08
473,Scott Smith,munozrenee@example.net,Lake Sean,2025-04-17
474,Michael Washington,cooperchristopher@example.org,Port Tyler,2025-11-06
475,Cynthia Alexander,jasonnavarro@example.com,Lake Josephville,2023-01-10
476,John Alvarez,noahthornton@example.com,Dustinchester,2022-11-27
477,Joan Gregory,davisamanda@example.com,Bishopview,2023-11-16
478,Brett Pena,rmurray@example.net,Lake Emily,2025-03-07
479,Megan Kaiser,amy01@example.org,Davisville,2024-12-04
480,Nicholas King,johnsonchristopher@example.net,New Danielle,2024-12-29
481,Scott Anderson,pauladominguez@example.com,Stevenland,2024-10-14
482,Destiny Simmons,jonathan14@example.org,Priceton,2023-08-24
483,Cassandra Jones,chelseywhite@example.com,East Amberchester,2023-07-11
484,Susan Baldwin,johnsonchad@example.net,Kimberlytown,2025-07-23
485,Martin Fitzpatrick,sadams@example.com,Andrewshaven,2024-12-28
486,Karen Powell,fernandezaaron@example.net,Martinezside,2025-09-03
487,Michael Morales,diazmelissa@example.com,Port Steveport,2024-10-23
488,Andrew Cruz,kentprice@example.org,Tommouth,2025-01-27
489,Corey Cortez,tracybrown@example.net,Victormouth,2025-10-08
490,Gerald Morgan,sullivanjason@example.net,Bentleyside,2023-04-26
491,Tammy Johnson,tracysmith@example.net,East Jacquelineberg,2022-11-29
492,Summer Hoover,bryantgeorge@example.net,Port Lisaville,2024-05-11
493,Connie Brock,vrogers@example.net,Nguyenshire,2024-07-04
494,Vincent Lewis,watkinsmatthew@example.org,Donaldchester,2023-05-17
495,Christopher Sanchez,andersonkylie@example.net,Stricklandtown,2025-07-05
496,Adam Howe,robert72@example.org,Lake Joseph,2024-03-21
497,Christopher Holt,jennifersalazar@example.org,Michaeltown,2024-07-17
498,William Davila,michelle88@example.org,Townsendborough,2023-09-12
499,Robert Jennings,kjimenez@example.net,North Deannaport,2023-07-01
500,Luis Wu,vwilliams@example.org,East Kristen,2024-04-28
501,Steven Griffith,robert53@example.org,Jeremybury,2025-01-30
502,Jaime Walker,drichards@example.com,East Sarah,2024-03-26
503,Chad Cortez,theresa35@example.org,Lake Ashleyview,2023-04-12
504,Judy Jackson,jeffrey49@example.org,New Tara,2025-06-08
505,Scott Burns,brittanyhood@example.com,Lake Ronniebury,2023-08-12
506,Daniel Pennington,robinvillanueva@example.com,North Vickiehaven,2022-12-20
507,Karen Yates,chavezjohn@example.net,Lake Jessicaborough,2023-04-08
508,Matthew Davis,kcaldwell@example.net,Hodgeshire,2022-12-10
509,Raymond Sawyer,xlopez@example.net,Padillatown,2025-06-13
510,Steven Cook,phillipskaren@example.net,Port Gail,2024-09-24
511,Timothy Robertson,pamela16@example.com,Harveystad,2023-12-20
512,Michele Castro,devonrogers@example.net,Lake Timothyshire,2025-06-25
513,Nicole Hodges,michael48@example.net,Ramirezland,2023-12-27
514,Jonathan Gallegos,rmckinney@example.net,Shannonstad,2025-04-08
515,Rhonda Everett,lopeznicole@example.org,South Rachaelport,2025-09-29
516,Christopher Rodriguez,tylergolden@example.net,West Robertside,2025-08-31
517,Jason Rojas,carterbryan@example.org,Robertmouth,2024-11-01
518,Katelyn Wade,kellis@example.org,Georgeview,2023-07-20
519,Dwayne Bruce,michaelbryant@example.org,Lake Amanda,2023-06-01
520,Michael Conway,evanwilson@example.com,South Jorge,2023-06-04
521,Amanda Stewart,earl78@example.org,Davidtown,2024-01-31
522,Mr. Jimmy Flores Jr.,deborah47@example.com,Port Annette,2025-08-03
523,Michael Dennis,taylorandrea@example.com,South Christinabury,2024-03-16
524,Anthony Davidson,kimberlywang@example.org,North Amandamouth,2024-11-25
525,Vanessa Foster,mstewart@example.net,Lake Michaelberg,2025-01-06
526,James Smith,michael78@example.org,Lake Pamela,2025-02-03
527,Jeremy Martin,achandler@example.org,East Jaredfort,2025-11-01
528,Gabriela Fitzpatrick,adavis@example.net,Robertside,2024-04-03
529,Suzanne Gonzalez,froberts@example.org,Maryport,2024-05-08
530,Courtney Moody,joseblanchard@example.net,Martinezport,2024-02-14
531,Michael Sanchez Jr.,trevor19@example.net,Biancashire,2024-03-05
532,Michael Mccann,brooksjessica@example.org,Franciscoton,2023-04-23
533,Michael Howard,nelsonrobert@example.com,West Kellyland,2024-05-30
534,Catherine Davis,amybrennan@example.net,Josephstad,2023-02-27
535,Samantha Smith,nathan76@example.com,North Jeffery,2024-05-18
536,Rebecca Hansen,butlersabrina@example.org,North Timothy,2023-10-21
537,Robert Preston,gerald40@example.net,East Davidberg,2024-12-07
538,Daniel Zavala,yvazquez@example.org,North Kimchester,2022-12-30
539,Ricky Palmer,harrisonrebekah@example.org,West Elizabethville,2025-03-20
540,Christine Santana,ellenjohnson@example.org,Stacystad,2023-12-05
541,Phyllis Austin,garciabelinda@example.org,Lake James,2023-09-18
542,Kimberly Beltran,glasssamantha@example.net,Richardsonshire,2023-06-04
543,Ashley Davenport,gcoleman@example.org,Rodriguezmouth,2023-03-29
544,Chad Farmer,angela01@example.com,Wilsonport,2024-03-28
545,Melissa Randall,angelaroberts@example.com,Port Chad,2025-05-23
546,Michael White,zpowers@example.com,North Douglasfurt,2024-12-14
547,Natalie Stafford,calvinhester@example.com,New Megan,2024-01-31
548,Jeff Porter,katelyn65@example.com,Archerhaven,2023-09-15
549,Ashley King,ihall@example.org,Lake Brianland,2024-05-12
550,Christopher Jacobs,eric99@example.org,Lake Karenfort,2025-03-31
551,Matthew Henry,amy88@example.org,South Nicoleville,2024-01-08
552,James Stevens,thompsondonna@example.com,South Ryan,2023-10-22
553,Phillip Carroll,rkeller@example.net,Alvarezburgh,2024-05-22
554,Johnny Arellano,katie45@example.org,New Brandonstad,2023-12-01
555,Alyssa Vance,oscar65@example.com,Bellbury,2023-08-12
556,Leslie Lozano,meltondanny@example.org,New Markmouth,2024-11-03
557,Jose Fisher,dominguezbrianna@example.com,Hudsonmouth,2024-08-02
558,Ariel Leonard,tyler52@example.net,Michaelchester,2023-06-23
559,Valerie Jones,karlwilliams@example.net,Ballardland,2025-01-08
560,Leslie Nelson,wsimmons@example.org,Williamport,2024-03-02
561,Christina Morales,jpowers@example.org,Lake Jacquelineburgh,2024-08-07
562,Victor Harmon,oadams@example.net,Michaelton,2024-06-08
563,Charles Hernandez,megan65@example.org,Port Robert,2025-05-04
564,Dawn Burke,jallen@example.org,East Lauraport,2024-04-05
565,Jessica Lucas,harrisjoseph@example.org,Kristineview,2024-11-04
566,Samuel Stuart,dcasey@example.org,Carolynland,2025-07-28
567,Jack Sandoval,sandersmary@example.org,North Ashley,2024-05-15
568,Matthew Carpenter,tyler13@example.net,Port Lindsaymouth,2025-05-14
569,Renee Manning,grobinson@example.org,West Scott,2023-08-19
570,Katherine Brooks,stewartrodney@example.net,West Natasha,2025-09-05
571,Mike Underwood,brewerrebecca@example.org,Lake Samanthabury,2023-08-18
572,Mark Haynes,nicholsjoel@example.com,Smithfurt,2025-08-26
573,Elizabeth Mayer,kennethvillarreal@example.org,Welchchester,2025-03-28
574,Bobby Chan,aruiz@example.com,Mcdowellville,2025-05-05
575,Katie Bell,shawn00@example.net,Lake Scott,2024-10-16
576,Curtis Torres,rodriguezjohn@example.net,Port Brooke,2024-02-06
577,Jocelyn Russo,jorgemcdaniel@example.com,Jameschester,2023-12-21
578,James Davenport,andrewjohnson@example.net,North Terri,2023-06-19
579,Caroline Morales,jburke@example.org,Georgeshire,2023-03-22
580,Jessica Mora,fwilcox@example.org,Lake James,2025-09-15
581,Deborah Francis,nanderson@example.net,Port Justin,2024-11-25
582,Jason Thomas,theresa39@example.com,West Brandi,2024-10-23
583,John Savage,tmcdaniel@example.com,Fitzgeraldview,2023-02-02
584,Amy Galvan,modonnell@example.net,North Jonfurt,2023-10-11
585,Jacob Donaldson,carpenterjorge@example.net,Conradmouth,2023-04-07
586,Joseph Thomas,edwardstiffany@example.com,Juliechester,2023-09-20
587,Lisa Juarez,zachary62@example.com,Gallagherberg,2024-07-15
588,Mallory Gonzales,edgarhall@example.org,Greenmouth,2024-03-06
589,Tammy Williams MD,hellis@example.net,North Michael,2023-06-25
590,Ruben Brady,anna93@example.net,New Katieburgh,2024-02-13
591,Randy Rhodes,anthony16@example.com,Port Marcustown,2023-02-10
592,Mary Gibson,brooke05@example.org,Nguyenshire,2023-04-04
593,Rebecca Campbell,manningamy@example.net,Davisview,2023-05-28
594,Sharon Davis,frankchan@example.com,North Kenneth,2025-04-10
595,Tammy Mckee,michaeldavis@example.com,South Sean,2024-01-13
596,Kyle Davis,nshepherd@example.org,Mccoyland,2022-12-28
597,John Walker,sarahrose@example.net,West Taylorland,2025-08-04
598,Charles Anderson,mckenzie86@example.com,New Charleston,2024-05-29
599,Jennifer Marshall,michael91@example.net,North Joymouth,2023-05-29
600,James Miller,lee77@example.net,Matthewburgh,2023-07-03
601,William Green,hamiltonandrew@example.com,North Georgefort,2024-04-01
602,Matthew Garner,nturner@example.com,Ballardland,2023-03-31
603,Brian Smith,micheleclark@example.net,Lake John,2025-05-24
604,Kimberly Miller,bhernandez@example.org,East Rachelmouth,2025-10-05
605,Scott Richards,kennethgallegos@example.com,West Alanchester,2025-10-22
606,Nancy Larson,benjamin67@example.net,Hallton,2024-06-15
607,Ethan Brown,hsmall@example.com,Shanechester,2022-12-06
608,Corey Cooper,williammatthews@example.net,Sandramouth,2023-04-06
609,Michael Moyer,laura29@example.org,Hannahland,2024-11-14
610,Curtis Obrien,leonsherry@example.com,Jimmyside,2023-01-04
611,Stanley Kelly,greggvillarreal@example.net,Port Brycechester,2023-03-18
612,Justin Tucker,kristen08@example.com,Port Hannah,2024-05-31
613,Michelle House,wlloyd@example.org,Port Cherylville,2025-05-04
614,Brian Soto,rhondamoore@example.com,Gillfort,2025-01-24
615,Matthew Cook,davidharris@example.com,East Maryfort,2023-11-23
616,Angela Watson,qward@example.org,Port Karen,2024-02-19
617,Robert Gutierrez,hvillanueva@example.net,Sherrymouth,2023-04-22
618,Robert Acevedo,morganrichard@example.org,Brownton,2024-11-06
619,Stephanie Brown,robert84@example.net,Reginatown,2025-05-08
620,Lisa Thomas,ngriffin@example.net,Terryfurt,2025-03-12
621,Angela Medina,vhardy@example.org,Jasonhaven,2024-07-10
622,Nicole Moore,zamoraamber@example.com,Port Kim,2025-01-18
623,Mrs. Amy Watson,david17@example.com,South Matthewbury,2025-04-14
624,Krystal Kline DDS,michaelmitchell@example.net,Lake Nicholas,2025-01-30
625,Jose Lee,shawn26@example.com,North Bryanberg,2024-04-18
626,Jacob Fox,lwiggins@example.com,Barajasfort,2025-01-23
627,Christopher Wagner,idawson@example.net,Lake Jasonfort,2022-12-19
628,Justin Dorsey,guzmanricky@example.org,Ashleyton,2024-06-08
629,Eric Brooks,todd22@example.net,Williamsport,2025-07-15
630,Robert Burns,kelleycarlos@example.org,Olsonport,2024-07-26
631,Rachael Alvarez,kathleenwagner@example.com,Contrerasberg,2025-06-20
632,Robert Beck,zhughes@example.com,Lake Pamelaview,2024-10-21
633,Michelle Armstrong,ann18@example.org,New Amber,2025-02-21
634,Kelly Christensen,martinezsharon@example.org,West Kristinbury,2025-05-11
635,Lauren Miller,richard07@example.org,Samuelchester,2022-12-10
636,Janet Davis,weaverjustin@example.org,Kaylaberg,2023-10-16
637,Christopher Mendez,howard04@example.com,West Douglasmouth,2023-08-23
638,Stephanie Williams,karenwillis@example.com,Averyview,2023-01-19
639,Jason Washington,bschultz@example.com,East Kathrynberg,2023-10-13
640,Bradley Fields,kristathomas@example.net,Port John,2025-09-23
641,Kristen Williams,nwoodward@example.com,North Brian,2025-08-20
642,David Frazier,megan39@example.net,Brandonside,2024-07-23
643,James Martinez,jessicalutz@example.com,New William,2025-04-11
644,Theresa Reid,qnelson@example.com,Jasonmouth,2022-12-01
645,Maria Smith,asmith@example.net,South Angela,2024-12-16
646,James Miller PhD,ryanpatricia@example.net,Chambersstad,2025-10-14
647,Kyle Hughes,martinezmitchell@example.org,Smithtown,2025-02-22
648,Michelle Lee,lindsey33@example.com,Benjaminfort,2025-08-01
649,Christine Gonzalez,rrodriguez@example.net,Jacksonborough,2024-11-06
650,Melanie Cunningham,chapmanjulie@example.org,Sarahbury,2025-07-06
651,Denise Abbott,braunheather@example.net,Erinmouth,2022-11-16
652,Michael Santos,ryan64@example.org,Simpsonhaven,2025-02-22
653,Courtney Ramirez,upatel@example.org,Leeland,2025-07-05
654,Wanda Perez,prosario@example.org,West Lance,2024-09-30
655,John Morton,mary31@example.com,West Marissa,2025-05-02
656,Cynthia Jones,oduran@example.com,North Territon,2024-01-01
657,Melissa Patton,ellisonscott@example.com,Joneston,2024-07-18
658,James Davis,mhall@example.net,South Patrickchester,2025-07-05
659,Gina Pace,gibsonmark@example.org,North Alexanderland,2024-08-24
660,Sue Martinez,michael79@example.com,East Devin,2023-01-01
661,Kevin Palmer,larry82@example.org,Parkermouth,2023-09-29
662,Kelly Sandoval,brianhunter@example.net,South Mauriceborough,2024-10-16
663,Barry Lopez,dneal@example.net,Melissashire,2025-10-04
664,Jennifer Martin,cwalter@example.com,North Danielle,2024-12-12
665,Daniel Castillo,lindsay63@example.com,Port Veronica,2023-12-16
666,Alvin Wilson,scott95@example.org,East Jamesburgh,2023-07-11
667,Christopher Abbott,gregorysmith@example.com,North Marieberg,2024-01-03
668,Ashley Boyle,stephen55@example.net,New Tiffany,2025-11-11
669,Sherry Jones,nicoleanderson@example.org,New Nicholas,2023-12-29
670,Vanessa Sanchez,hinesbrenda@example.net,Kristinemouth,2023-08-11
671,Diana Martinez,fclark@example.com,East Williamhaven,2023-12-29
672,Cassidy Marquez,fbaldwin@example.com,Biancashire,2024-10-26
673,Steven Hayes,randytorres@example.com,Port Neil,2024-07-09
674,Bradley Wallace,jerry07@example.net,Ronaldmouth,2024-03-02
675,Jonathan Nelson,whitejesus@example.net,West Rachelport,2025-05-25
676,Maria Hartman,coreyjones@example.org,West James,2023-11-09
677,Robert Sutton,james92@example.net,Alanport,2023-09-18
678,Zachary Bautista,kennedywilliam@example.org,Perezborough,2024-04-16
679,Rachel Todd,fpeterson@example.com,South Kayla,2024-12-17
680,Jerry Hansen,don24@example.net,South Lisastad,2023-11-21
681,Michael Powell,mark09@example.org,East Tiffany,2025-11-07
682,Rebecca Mcintyre,nbaird@example.com,New Paulfort,2023-03-13
683,Jocelyn Kline,jacksonemily@example.org,Port Hannahfort,2022-12-13
684,Thomas Cruz,jessekeller@example.org,Brownhaven,2022-11-26
685,Theodore Myers,andersonrobert@example.net,South Stephanieborough,2023-04-05
686,Jeffrey Mckinney,kmoore@example.com,New Jennifer,2024-03-31
687,William Griffin,pjacobs@example.net,Reneefort,2024-04-01
688,Nancy Roberts,treed@example.com,Austinburgh,2024-02-11
689,Luke Reynolds,lbartlett@example.net,South Hollyton,2023-08-03
690,Denise Fuller,elizabeth13@example.com,Riddleside,2023-03-26
691,Pedro Gordon,robert24@example.org,South Anthonymouth,2024-01-05
692,Savannah Sanders,kingjenna@example.org,Ellenmouth,2024-04-28
693,Joshua Allen,rtaylor@example.org,Port Andrew,2023-03-04
694,Joseph Myers,powersalex@example.com,South Michael,2023-07-09
695,Michael Robinson,copelandlisa@example.net,South Hannahmouth,2023-01-10
696,Raymond Wang,nicholasallen@example.org,South Anthonytown,2023-11-18
697,Michael Walker,roblesmaria@example.org,North Robert,2023-03-12
698,Justin Lopez,sarahfoster@example.com,East Jasonstad,2023-11-03
699,Matthew Smith,stephenjones@example.com,Bradleyborough,2024-02-07
700,Kathryn Mooney,johnathandavis@example.com,Gregoryberg,2023-11-12
701,Stacey Stewart,bjones@example.net,Reyesbury,2024-05-18
702,Alexis Smith,parkerjoann@example.org,North Devinfort,2023-10-05
703,Dan Johnson,vstevenson@example.org,Lonnieton,2024-06-06
704,Maria Roberts,perezjessica@example.com,East Amber,2025-08-03
705,Danielle Mcdaniel,cathyjames@example.com,South Crystal,2023-01-23
706,Troy Williams DVM,davidthompson@example.net,East William,2024-02-24
707,Christopher Gonzalez,pthompson@example.com,Barbaraborough,2023-09-07
708,Angela Kaufman,egray@example.com,Wagnerchester,2025-02-24
709,Rebecca Smith,fsimmons@example.com,New Jessica,2023-08-22
710,Jesse Brooks,ijones@example.net,Gonzalezborough,2022-11-18
711,Monica Brooks,zfrost@example.net,Patrickport,2024-10-16
712,Jennifer Williams,cruzariel@example.org,Kruegerstad,2024-05-25
713,Michael Horton DDS,pfitzgerald@example.com,Port Michaeltown,2024-12-17
714,Deborah Gibson,jonathanguzman@example.net,North Darryl,2023-02-23
715,Janice Mccarthy,stonejacob@example.com,Port Ronald,2024-12-11
716,Kim Tanner,jessica11@example.net,Lisaview,2025-02-11
717,Jennifer Parker,lisasmith@example.org,Warrenport,2025-01-25
718,James Padilla,tomshaw@example.org,Bradleyborough,2023-06-05
719,Clayton Malone,tonya67@example.net,Port Danaland,2023-10-01
720,Donald Peterson,timothychambers@example.org,North Josephtown,2024-11-12
721,Amanda Clark,bennettabigail@example.com,Kennedymouth,2024-09-06
722,Michael Cooper,lisa56@example.com,West Morganville,2022-11-17
723,Jennifer Houston,anthonymartinez@example.net,Stephaniebury,2023-12-22
724,Mary Alvarez,akeller@example.net,Allenstad,2025-06-28
725,Nancy Gregory,catherineross@example.net,West Ronniefort,2025-10-30
726,Susan Navarro,catherine28@example.net,East Tylerland,2023-10-10
727,Kimberly Baxter,peggyfriedman@example.com,East Jason,2025-02-16
728,Ann Graham,martinsarah@example.com,Jeffreyview,2024-11-12
729,Meagan Wade,sdavis@example.com,New Katie,2024-09-02
730,Jamie Love,yvaldez@example.net,Stokesbury,2023-08-24
731,Brian Peterson,juliewilson@example.com,Port Lawrence,2024-01-04
732,Emily Lawrence,melaniewhitney@example.com,Laurenberg,2024-06-05
733,Courtney Foster,sstewart@example.org,Frazierberg,2024-09-03
734,Maurice Solis,georgekyle@example.net,West Wendyshire,2024-04-21
735,Kathleen Padilla,zbrown@example.com,Port Jennifer,2025-05-31
736,Courtney Fitzgerald,melissaluna@example.com,North Amy,2023-11-18
737,Wanda Todd,ujones@example.com,Heatherborough,2024-12-21
738,Anne Morris,hornjenna@example.com,New Devin,2024-12-15
739,Charles Robinson,jillsmith@example.net,Lake Kristenberg,2023-12-31
740,Miss Carol Brown,terri20@example.org,Brittneyberg,2024-10-01
741,Andrew Allen,mturner@example.org,Parsonsland,2025-03-15
742,Marie Hill,hrichardson@example.org,North Tracyhaven,2023-07-18
743,Victoria Mendoza,bauerherbert@example.com,Evansberg,2023-03-02
744,Terry Pope,richardhaynes@example.com,Brownshire,2024-06-26
745,Marissa Molina,tammymerritt@example.org,North Angela,2025-04-09
746,Carl Harris,christopherscott@example.org,North Williamstad,2025-10-08
747,William Barrett,kevinshah@example.net,Donnamouth,2023-04-16
748,Erik Bartlett DVM,haileybates@example.org,North Jacob,2023-10-08
749,Tina Guzman,brittanyramirez@example.net,Jonesview,2023-08-26
750,Carla Bryant,erica28@example.org,Lake Jessicaborough,2025-01-05
751,Maria Dixon,roberthernandez@example.com,Johnsonbury,2023-02-06
752,Brian Kelley,murphychristopher@example.com,Dustinbury,2023-09-09
753,William Walker,pattondavid@example.net,Briannafort,2023-02-26
754,Kenneth Campbell,catherine02@example.com,Whiteside,2024-07-10
755,Jennifer Vargas,albert82@example.net,East Nicholas,2025-01-28
756,Nicholas Villegas,erikabarnes@example.com,South Valerie,2025-04-07
757,Desiree Patterson,kevinhodge@example.com,Townsendland,2024-10-09
758,David Davis,millerjustin@example.com,South Ericaberg,2024-04-22
759,Yolanda Barron,sullivanchristina@example.net,Lake Ronaldside,2025-02-12
760,Patrick Tapia,lawsontami@example.net,East Charles,2025-05-21
761,Tiffany Henderson,hjackson@example.com,Port Amber,2025-03-02
762,Edwin Carter,aaronwelch@example.com,West Sarah,2025-09-30
763,Stephanie Walls,abrown@example.net,Murphystad,2023-03-11
764,Nathan Morales,garciatravis@example.org,South David,2024-05-01
765,Matthew Perez,xbrooks@example.com,New Lisa,2023-03-13
766,Ryan Martin,julie05@example.net,North Jake,2022-12-28
767,Patrick Santana,elizabethvaughan@example.net,Davidfort,2024-07-08
768,Michelle Nguyen,vshaw@example.com,North Susan,2025-03-31
769,Gregory Smith,brettgallegos@example.com,South Timothyport,2024-04-29
770,Danielle Hernandez,johnwang@example.com,Lake Lori,2023-06-19
771,Rhonda Haynes,jacobbond@example.net,East David,2024-01-27
772,Corey Thomas,jensenchristopher@example.org,Russellport,2024-12-20
773,Courtney Simmons,hicksdawn@example.com,West Michaelstad,2025-01-01
774,Steven White,williamsjulie@example.org,Thomasville,2024-02-29
775,John Cook,davisalexander@example.net,West Michael,2025-04-19
776,Leah Jacobs,debraclark@example.com,North Davidville,2022-12-28
777,Stacey Roth,janetschaefer@example.org,Kevinfort,2025-11-02
778,Nathan Williams,robertdawson@example.net,Patriciamouth,2024-10-04
779,Jeffrey Webb,jacksonjoshua@example.org,Brandonshire,2023-01-19
780,Cheryl Olsen,gcohen@example.org,South Karen,2024-01-09
781,Jennifer Nelson,adamarmstrong@example.net,Port Williamhaven,2024-12-28
782,Elizabeth Robinson,andrea23@example.org,West Benjamin,2023-04-25
783,Tammy Nelson,dayjohn@example.org,North Deborahstad,2023-11-04
784,Stacey Baker,rickycarr@example.com,Lake Lisastad,2023-07-12
785,Cassandra Bonilla,sharphailey@example.net,Mollyside,2023-06-27
786,Frederick Harris,omoore@example.net,Richardsonfort,2023-02-24
787,Cody Huffman,ashleyharding@example.org,Andrewburgh,2025-07-11
788,Melissa Lopez,charlessanchez@example.net,Garciahaven,2023-04-13
789,Alexandra Garcia,asmith@example.net,East Johnland,2023-09-03
790,Linda Sparks,rosariodaniel@example.net,Melissaland,2023-06-23
791,Mr. Jeremy Martin,timothy30@example.net,Courtneyville,2022-12-07
792,Joshua Garcia,othomas@example.org,South Paul,2023-12-06
793,Thomas Cohen,vasquezvicki@example.org,West Michaelmouth,2023-03-23
794,Tamara Huang,gregorymoreno@example.net,Lake Ronald,2025-07-19
795,Lori Mitchell,nelsonvictor@example.com,Lisaland,2025-03-27
796,Vanessa Strickland,lukemyers@example.net,Briggsville,2024-08-08
797,Diana Davis,huntercruz@example.com,Colemanchester,2024-09-03
798,Brenda Raymond,patrickdunn@example.net,Patelbury,2024-01-09
799,Jennifer Lane,jacquelineyoung@example.org,Port Andre,2024-07-17
800,Tammie Brown,michael24@example.com,Port Melissa,2025-10-14
801,Dana Carey,burgessdavid@example.net,South Jessica,2024-12-15
802,Anthony Rodriguez,woodsbrittney@example.org,East Michaelland,2023-08-09
803,Ronald Butler,terrytaylor@example.net,Theodoremouth,2024-03-14
804,Alexis Rodriguez,ibarraantonio@example.org,North Randy,2024-02-21
805,Jordan Dawson,samantha84@example.net,South Sarah,2023-09-07
806,James Tapia,richardbrown@example.com,Port Julie,2024-07-18
807,Rose Mcdonald,denise66@example.org,Port Nathanchester,2023-06-15
808,Blake Morrison,anthony42@example.net,North Jasontown,2025-02-20
809,Juan Little,allenchristopher@example.net,New Valeriefort,2023-01-03
810,Tony Smith,karen68@example.org,Karenstad,2025-10-16
811,Anne Russell,shawkimberly@example.org,Woodston,2023-09-27
812,Joel Mcclure,cisnerosjesse@example.org,Port Jennifer,2025-11-06
813,Wendy Franklin,seth25@example.com,Cindychester,2022-12-27
814,Melanie Allen,rubioashley@example.com,Port Alexisport,2024-07-05
815,Rachael Miller,gibsongeoffrey@example.com,North Joshua,2023-12-17
816,Christopher Ingram,valerie47@example.net,North Teresa,2024-05-02
817,Dustin Ortiz,scotthunt@example.net,Nathanielchester,2024-05-21
818,Shawn Fleming,figueroajohn@example.net,East Melissaport,2023-12-30
819,Sarah Walker,wcaldwell@example.com,Daymouth,2023-03-13
820,Brian Moyer,mtate@example.com,Calebmouth,2025-11-10
821,Dr. John Ramirez,gardnerstacy@example.org,West Ashley,2025-10-31
822,Amy Stokes,nirwin@example.org,Port Andrew,2025-02-22
823,David Thompson,chadsullivan@example.com,Savagehaven,2023-07-06
824,Cathy Brown,wpeterson@example.com,East Michael,2024-02-16
825,Michael Martin,sgomez@example.net,Morrowside,2025-03-21
826,Angela Contreras,mariodowns@example.net,Alexismouth,2025-09-02
827,Mr. Ricky Craig III,mcneilsherry@example.org,Fowlershire,2023-02-28
828,William Fisher,carolynrobinson@example.org,Lake Barbara,2022-11-29
829,Alexis Mosley,lyonsdeborah@example.com,Jenkinsstad,2025-05-09
830,William Rogers,stephenbrooks@example.net,New Ryan,2023-09-22
831,Melanie Walters,cowanlinda@example.org,Lake Allenchester,2023-03-07
832,Loretta Gardner,zgordon@example.org,Melissaborough,2023-07-16
833,James Gonzalez,wsampson@example.com,Odonnellfurt,2022-11-22
834,Danny Campbell,kyle63@example.org,Johnsontown,2023-05-01
835,Robert Wilkins,matthew96@example.org,Leefurt,2025-05-10
836,Laura Anderson,lmadden@example.com,Zacharychester,2023-07-25
837,Beth Wilson,ocameron@example.com,West James,2023-02-24
838,Mark Watkins,montgomeryamy@example.org,Johnsonberg,2025-10-26
839,Paula Lopez,kennethnichols@example.org,Townsendton,2023-09-11
840,Lori Little,rodriguezsara@example.org,East Justinburgh,2023-02-23
841,Isaiah Massey MD,apope@example.org,Chungland,2023-07-02
842,Steve Schultz,lstokes@example.com,East Donnaton,2023-03-22
843,Gregory Cooley,moorejudy@example.org,New Anthony,2022-12-09
844,Brittany Camacho,roachanthony@example.org,North Jessica,2025-09-09
845,John Ashley,jean47@example.net,Grahamfurt,2025-08-20
846,Craig Mathis,suzanne19@example.net,Gabrielborough,2025-09-24
847,Stephen Henderson DDS,cindy96@example.com,New Michael,2025-07-25
848,Joanna Preston,brenda49@example.net,Raymondville,2023-05-30
849,Richard Howard,lewisnathan@example.org,Davidmouth,2024-12-07
850,Cindy Bradley,rachel81@example.com,Carolynhaven,2023-07-10
851,Michelle Shah,berrydebbie@example.net,Stewartmouth,2023-06-19
852,Johnny Williams,robert17@example.org,Brittanybury,2024-08-06
853,Mason Chase,buckjustin@example.com,New Samanthaton,2023-11-18
854,John Gallegos,rcummings@example.com,Richardside,2025-03-11
855,Anthony Evans DVM,hallison@example.com,North Jeffreytown,2023-04-15
856,Shannon Ramsey MD,leerachel@example.com,Lake Mirandaview,2025-07-09
857,Anthony Torres,mark96@example.com,East Brandy,2023-03-25
858,Charles Silva,qwalsh@example.org,New Timothy,2024-05-04
859,Raymond Webb,bakerkenneth@example.org,Angelicabury,2024-11-05
860,Christine Miller,abrown@example.net,South Lori,2023-06-07
861,Daniel Garza,kathleen47@example.net,Port William,2025-08-11
862,Jack Hester,kimberlylopez@example.com,Martinport,2025-09-21
863,Ashley Murray,mcgeejohn@example.com,West Anthony,2024-11-08
864,Derek Mcintosh,gomezjason@example.com,Romeroton,2024-03-11
865,Anthony Reyes,mlee@example.com,New Joshua,2024-09-09
866,Ashley Williams,susanrobinson@example.org,New Josephland,2024-06-19
867,Stephen Lyons,gmyers@example.org,Tylerburgh,2025-03-24
868,Dwayne Carlson,daviswesley@example.net,Stevensonbury,2023-05-19
869,Carol Cook,athomas@example.net,Pattersontown,2023-05-27
870,Billy Shelton,wheelertara@example.net,South Morganfort,2023-03-13
871,Latoya Mooney,aliciajackson@example.org,North Kevinmouth,2024-03-24
872,Wanda Scott,dking@example.org,Kevinmouth,2025-07-17
873,Shannon Barrera,rrodriguez@example.net,East Tiffanybury,2024-11-05
874,Jonathan Sanchez,vhoward@example.org,South Danielle,2025-10-07
875,Meghan Nolan,harcher@example.org,Reneestad,2025-07-14
876,Jason Mcknight,james98@example.net,Maryville,2024-03-03
877,Walter Sparks,daniel07@example.net,South Erin,2024-06-09
878,Justin Martin,zroberts@example.com,South Blakeport,2025-05-06
879,John Smith,donna00@example.com,West Natasha,2025-03-23
880,Tina Castro,reevesdouglas@example.net,South Brenda,2023-02-10
881,John Gomez,ghenderson@example.com,Carlaburgh,2024-07-24
882,Erica Lane,johnbutler@example.org,Kevinport,2024-07-27
883,Kimberly Bennett,hdavis@example.com,Williamstad,2024-04-10
884,Jason Jenkins,gainesanthony@example.com,Port Donaldport,2025-03-25
885,Jacqueline Oliver,brian62@example.com,South Lindseyhaven,2024-04-01
886,Anthony Gallegos,cookconnor@example.com,Vaughnton,2023-03-27
887,Kayla Love,zacharyhart@example.com,East Patty,2024-10-15
888,Mark Ball,shaffercindy@example.org,North Aaronville,2024-06-05
889,Brian Johnson,hmyers@example.com,Webbburgh,2025-05-01
890,Kimberly Underwood,nvillarreal@example.org,Thomastown,2023-06-04
891,Mary Jackson,thomasroberts@example.net,New Trevorview,2024-01-16
892,Ashley Butler,shernandez@example.com,New Pedroshire,2023-10-11
893,Stephanie Harvey,odonnellmichael@example.org,Khanmouth,2023-09-13
894,Mrs. Savannah Gordon,rachel86@example.net,East Dianastad,2024-11-01
895,Julia Trevino,joshuafarmer@example.com,Jonesfort,2023-12-31
896,Matthew Johnston,david59@example.net,Breannafurt,2023-01-27
897,Nicholas Hall,portererin@example.com,Port Lindsey,2025-01-24
898,Steven Thompson,acampos@example.org,New Johnton,2025-05-30
899,Phillip Obrien,mcleanmanuel@example.net,Grayshire,2024-07-15
900,John Shelton,jamesmartin@example.net,North Brandi,2024-10-03
901,Christina Patrick,wardricky@example.net,West Jacobhaven,2024-05-10
902,Laura Wells,michael82@example.org,Pattersonfurt,2025-06-28
903,Bethany Holmes,wilsonjerry@example.net,Andrewport,2025-08-20
904,Michael Jones,tammyjones@example.net,Port April,2024-09-13
905,Luke Gardner,aguilarsharon@example.com,North Matthewview,2023-06-21
906,Amy Harris,sandra03@example.com,Port Stacyton,2023-11-28
907,Jason Stevenson,claytimothy@example.org,Jenniferville,2022-12-23
908,Marie Reynolds,kimberly30@example.org,Port Kimberlyborough,2024-06-21
909,Melanie Rojas,xwilliams@example.com,South Jacqueline,2024-07-08
910,Bruce Gilbert,michael56@example.org,East Christopher,2022-11-25
911,Paul Morton,ritteralexis@example.net,Port Brian,2023-01-15
912,Douglas Edwards,whitneyanderson@example.com,Sandovalland,2023-02-05
913,Christine Thornton,priscilla37@example.net,Shellyside,2023-09-30
914,Kelsey Adams,brownrachel@example.net,Ramirezborough,2025-08-09
915,Kelly Torres,davidhardy@example.org,East Hollymouth,2025-09-23
916,Russell Nelson,fevans@example.org,Melissafurt,2024-05-09
917,Janice Williams,nicolaskeller@example.net,Lake Kevinside,2025-02-27
918,Susan Webster,sandra49@example.org,West Jessicachester,2025-06-19
919,Tanya Goodwin,transtephanie@example.net,Micheleside,2024-04-04
920,Laura Stone,susanmcdonald@example.org,North Juan,2024-12-01
921,Zachary Wise,matthew60@example.net,Michaelview,2025-03-20
922,Lisa Martinez,mary27@example.com,South Alanton,2025-10-07
923,Dr. Daniel Brown,hillcheryl@example.com,South Hectorview,2023-08-25
924,Darren Thompson PhD,halldiamond@example.org,Rileyton,2024-07-12
925,Trevor Braun,allen58@example.net,New Jimmyville,2023-02-06
926,Jorge Young,ashley61@example.net,Liuberg,2022-12-11
927,Heather Hester,thomas49@example.org,West Bradley,2025-08-29
928,Allison Lynch,william89@example.net,Shelbyfurt,2025-05-12
929,Nicholas James,friedmansusan@example.org,Ryanville,2025-05-30
930,Amber Kennedy,mstewart@example.net,Rhondamouth,2023-08-07
931,Heidi Bryant,steelesean@example.com,Christopherside,2024-05-21
932,Martha Jacobs,ohartman@example.net,New John,2025-08-06
933,Mary Jacobs,matthew11@example.com,Wagnerberg,2024-08-06
934,Patricia Yoder,hsmith@example.com,Kathyfort,2025-02-05
935,Andrew Reynolds,veronicaanderson@example.net,Strongstad,2023-04-02
936,Dana Carter,phyllis59@example.net,Lake Brandonstad,2025-09-20
937,Lynn Yang,eroberts@example.net,Lake Isaac,2025-03-02
938,Taylor Miller,watkinsmitchell@example.net,Graymouth,2023-05-26
939,Diana Mejia,kennethpeterson@example.net,Mitchellfurt,2023-10-29
940,Charles Cervantes,russellramirez@example.net,Coryport,2023-05-14
941,John Walker,keithhardin@example.net,East Elizabethberg,2023-02-27
942,Katie Jackson,moyeramber@example.org,South Marissatown,2023-12-24
943,Travis Simmons,dmeyer@example.com,Lake Jasmineville,2024-03-15
944,Dennis Lin,jessica15@example.org,Lake Charles,2023-05-04
945,Jesse Moss,mannleroy@example.org,Garciahaven,2023-10-28
946,Mary Rich,averycourtney@example.org,New Nicholas,2025-09-12
947,Deborah Hernandez,jessicacampbell@example.org,New Mercedesborough,2022-11-17
948,Justin Clark,benjaminwatts@example.net,Welchbury,2024-10-12
949,Mr. Christopher Evans,nancycontreras@example.com,Harperside,2024-04-24
950,Brian Ibarra,robert75@example.org,Wilsonmouth,2025-09-27
951,Hannah Sanders,kimwebb@example.com,Mcdanieltown,2023-09-28
952,Stacy Patton,hartmarcus@example.net,Robertmouth,2024-02-23
953,Anthony Washington,matthewcardenas@example.com,Ortizshire,2025-06-30
954,Penny Rodriguez,david80@example.net,Port Nicholasmouth,2025-08-09
955,Kristen Pena,michaelgonzalez@example.org,Heathbury,2023-09-28
956,James Gutierrez,shelbyjohnson@example.org,New Raymondfort,2022-12-30
957,Alexander Welch,arthurbrady@example.com,Andersonview,2025-06-15
958,Jonathan Warner,vsmith@example.net,North Jill,2025-03-31
959,Larry Collins,ronald04@example.com,Harrisview,2025-10-11
960,Jamie Jordan,tammyhoffman@example.com,Rebeccaside,2024-05-22
961,Willie Luna,kathryn17@example.org,South Kelliemouth,2023-12-24
962,Maria Cook,davisgary@example.com,North Donald,2024-09-19
963,Nathan Knight,briansnyder@example.com,Joyberg,2022-12-24
964,Linda Savage,hannah87@example.net,Edwardsbury,2023-11-01
965,Kayla Trevino,morseronald@example.org,Martineztown,2023-05-10
966,Carol Kim,williamsroger@example.org,Taylorside,2024-02-15
967,Bruce Forbes,alexandra95@example.net,East Kelly,2024-12-03
968,Tiffany Watson,thomas35@example.net,East Alice,2025-05-11
969,Jason Hernandez,holderadam@example.net,East Heather,2024-06-25
970,Antonio Harrison,carlfields@example.org,Courtneyborough,2023-09-10
971,Shawna Silva,michael64@example.net,North Brittany,2023-03-06
972,Christopher Elliott,lauramatthews@example.com,Barbarashire,2024-09-06
973,Nancy Gilbert,aclark@example.org,North Sarah,2024-09-17
974,John Smith,huangbrett@example.net,Colemanfort,2023-11-07
975,Autumn Castro,tschroeder@example.com,Larryhaven,2023-10-27
976,Larry Lewis,soniabass@example.net,Port Samuel,2024-03-12
977,Danielle Martinez,lpearson@example.org,Melissastad,2025-01-20
978,Justin Cuevas,patrickwhite@example.net,East Scotthaven,2023-06-15
979,Erin Bartlett,wesley09@example.com,Lake Joshuafort,2024-01-24
980,Michele Hill MD,roysara@example.net,Henryfort,2025-02-12
981,Kimberly Garcia,anthony22@example.org,South Maryville,2023-01-14
982,Amy Davis,tonya39@example.net,West Marymouth,2025-07-24
983,William Bowen,zachary66@example.net,North Jameshaven,2023-04-24
984,Christopher Williams,haleyortiz@example.net,West Joshuastad,2023-03-23
985,Russell Miller,fdavis@example.org,East Lonnietown,2025-03-03
986,Claudia Brooks,wileysherry@example.com,Lake Katelyn,2023-04-08
987,Michael Thompson,annettegutierrez@example.org,Nicoleburgh,2025-10-22
988,Jeffrey Davis,beth58@example.com,North Stephanie,2024-08-16
989,Keith Chaney,zreed@example.net,Jaredhaven,2024-07-10
990,Debra Palmer,jonathanmcdonald@example.org,New Dominiqueburgh,2024-04-17
991,Frank Elliott,morrisdaniel@example.com,East Robertmouth,2023-11-17
992,Chelsea Howard,stevenlopez@example.org,Lambmouth,2024-08-25
993,Monica Wells,johnnybrooks@example.com,Gregoryport,2022-12-27
994,Cynthia Donovan,fisherkim@example.net,Watkinsburgh,2024-05-28
995,Stacie Sanford,stephaniebradley@example.org,Lake Mason,2025-10-01
996,Ellen Cannon,stephen27@example.org,East Nicole,2023-10-10
997,David Harris,ramseyeric@example.net,Adamburgh,2023-11-26
998,Michael Hale,dbarnett@example.net,Port Sabrina,2024-01-12
999,Timothy Ross,rachael69@example.com,West Tracyshire,2022-12-13
1000,Cassandra Young,matthew09@example.net,Melendezbury,2023-04-14
