product_id,name,category,price,stock_quantity
1,Ergonomic 6thgeneration data-warehouse,Home & Garden,329.68,183
2,Innovative intermediate array,Clothing,38.5,145
3,Mandatory human-resource projection,Home & Garden,18.52,54
4,Enterprise-wide interactive collaboration,Toys,304.12,480
5,Horizontal fault-tolerant info-mediaries,Sports & Outdoors,583.5,330
6,Synergistic mission-critical alliance,Home & Garden,477.2,56
7,Fundamental intangible conglomeration,Clothing,107.99,107
8,Diverse hybrid software,Health,808.12,364
9,Programmable bi-directional Local Area Network,Home & Garden,565.37,461
10,Configurable grid-enabled software,Sports & Outdoors,446.28,376
11,Upgradable bandwidth-monitored projection,Automotive,898.49,106
12,Open-architected 24/7 complexity,Automotive,331.96,226
13,Intuitive clear-thinking orchestration,Electronics,789.19,262
14,Profit-focused human-resource software,Books,682.9,464
15,Persevering 24/7 matrix,Clothing,975.05,146
16,Streamlined static initiative,Clothing,430.35,357
17,Optimized zero administration application,Toys,765.71,492
18,Innovative interactive firmware,Electronics,647.41,309
19,User-centric scalable budgetary management,Clothing,892.7,127
20,Robust local middleware,Sports & Outdoors,850.52,35
21,Multi-layered zero-defect leverage,Toys,630.13,455
22,Universal full-range monitoring,Sports & Outdoors,989.33,209
23,Multi-lateral bifurcated toolset,Clothing,643.9,447
24,Enhanced interactive monitoring,Toys,469.52,413
25,Virtual human-resource service-desk,Food & Beverage,563.68,204
26,Configurable coherent ability,Electronics,26.67,205
27,Mandatory tertiary parallelism,Books,778.23,365
28,Fundamental dedicated migration,Books,15.8,288
29,Seamless upward-trending knowledgebase,Health,576.22,456
30,Optional actuating Local Area Network,Beauty,364.46,377
31,Horizontal 6thgeneration capability,Toys,64.92,350
32,Pre-emptive logistical hierarchy,Beauty,857.86,218
33,Business-focused radical software,Books,424.78,394
34,Multi-layered eco-centric interface,Beauty,81.25,467
35,Mandatory systematic frame,Home & Garden,333.63,82
36,Visionary 4thgeneration moratorium,Food & Beverage,973.77,219
37,Future-proofed context-sensitive frame,Food & Beverage,463.88,17
38,Multi-channeled intangible adapter,Sports & Outdoors,260.33,137
39,Organized fresh-thinking framework,Health,752.37,17
40,Sharable 5thgeneration policy,Toys,732.25,188
41,Customizable heuristic superstructure,Books,170.42,250
42,Automated national support,Books,960.51,17
43,Object-based dynamic conglomeration,Home & Garden,226.07,274
44,Configurable national attitude,Beauty,206.89,32
45,De-engineered upward-trending circuit,Clothing,688.36,289
46,Sharable modular Internet solution,Books,14.95,389
47,Grass-roots grid-enabled knowledgebase,Books,732.47,0
48,Team-oriented regional encryption,Toys,747.48,193
49,Upgradable multi-tasking open system,Health,555.05,222
50,Persevering 6thgeneration archive,Automotive,678.83,186
51,Inverse holistic alliance,Food & Beverage,962.46,190
52,Digitized real-time success,Books,111.61,417
53,Sharable bandwidth-monitored implementation,Electronics,662.81,16
54,Profound uniform artificial intelligence,Health,438.46,108
55,Mandatory scalable synergy,Automotive,122.67,434
56,Innovative interactive initiative,Toys,327.34,290
57,Ameliorated contextually-based synergy,Sports & Outdoors,566.1,451
58,Function-based uniform projection,Toys,741.91,361
59,User-friendly attitude-oriented Internet solution,Health,645.67,116
60,Customizable content-based orchestration,Electronics,311.88,61
61,Fundamental exuding pricing structure,Toys,897.79,170
62,Profound needs-based utilization,Electronics,255.67,235
63,Fully-configurable system-worthy website,Books,997.03,319
64,Business-focused holistic orchestration,Beauty,65.3,143
65,Phased didactic task-force,Food & Beverage,857.76,268
66,Optional even-keeled synergy,Food & Beverage,860.98,363
67,Team-oriented zero-defect contingency,Clothing,564.21,317
68,Grass-roots motivating secured line,Sports & Outdoors,905.4,342
69,Balanced real-time initiative,Home & Garden,682.07,24
70,Enterprise-wide systematic forecast,Sports & Outdoors,515.49,255
71,Future-proofed 24hour installation,Electronics,589.35,131
72,Expanded 3rdgeneration toolset,Food & Beverage,981.75,307
73,Operative stable capacity,Clothing,21.13,351
74,Grass-roots encompassing Local Area Network,Food & Beverage,451.69,26
75,Right-sized scalable functionalities,Sports & Outdoors,932.06,258
76,Cross-platform directional definition,Automotive,413.23,155
77,Ameliorated tertiary Graphic Interface,Beauty,447.48,415
78,Face-to-face asymmetric pricing structure,Health,512.48,70
79,Horizontal upward-trending structure,Electronics,186.16,220
80,Robust logistical parallelism,Toys,819.05,335
81,Operative scalable policy,Beauty,97.56,403
82,Managed needs-based info-mediaries,Clothing,571.33,287
83,Phased next generation access,Home & Garden,222.43,451
84,Mandatory global functionalities,Toys,208.08,496
85,Monitored leadingedge collaboration,Electronics,611.34,207
86,Persistent value-added methodology,Books,929.26,388
87,Expanded national standardization,Clothing,338.12,92
88,Down-sized systematic info-mediaries,Books,790.82,293
89,Function-based impactful alliance,Books,51.44,434
90,Switchable object-oriented artificial intelligence,Health,815.14,105
91,Self-enabling mobile open architecture,Food & Beverage,352.38,45
92,Monitored attitude-oriented database,Health,609.59,93
93,User-friendly multi-tasking hub,Toys,932.61,321
94,Innovative explicit system engine,Electronics,629.18,98
95,Intuitive local service-desk,Electronics,897.92,94
96,Persistent 4thgeneration collaboration,Clothing,422.89,113
97,Secured optimal concept,Beauty,969.83,267
98,Secured heuristic open system,Sports & Outdoors,557.24,289
99,Optional intangible task-force,Beauty,600.31,373
100,Ameliorated web-enabled forecast,Electronics,361.31,163
101,Realigned value-added matrix,Electronics,447.0,473
102,Front-line homogeneous monitoring,Toys,847.9,480
103,De-engineered homogeneous portal,Clothing,151.6,465
104,Decentralized bandwidth-monitored infrastructure,Beauty,196.74,228
105,Extended didactic budgetary management,Health,675.48,297
106,Re-engineered explicit conglomeration,Electronics,164.69,149
107,Diverse zero administration time-frame,Electronics,762.05,31
108,User-centric impactful neural-net,Home & Garden,970.69,71
109,Open-source heuristic system engine,Clothing,292.81,308
110,Extended intangible policy,Health,354.83,416
111,Grass-roots foreground throughput,Automotive,128.18,76
112,Multi-lateral responsive benchmark,Food & Beverage,473.04,464
113,Synchronized systemic productivity,Health,521.9,334
114,Virtual scalable functionalities,Health,590.51,263
115,Profit-focused national monitoring,Toys,458.75,272
116,Object-based directional initiative,Electronics,228.72,180
117,Proactive web-enabled Local Area Network,Clothing,225.68,485
118,Horizontal local complexity,Clothing,45.43,367
119,Enhanced impactful forecast,Electronics,515.52,180
120,Adaptive national groupware,Health,671.11,296
121,Virtual maximized projection,Clothing,836.24,312
122,Enhanced systemic attitude,Automotive,113.22,37
123,Networked optimal projection,Beauty,206.87,260
124,Operative intangible installation,Toys,206.17,40
125,Ergonomic scalable algorithm,Books,63.24,148
126,Secured directional challenge,Clothing,661.62,407
127,Seamless regional middleware,Home & Garden,371.66,108
128,Configurable radical orchestration,Food & Beverage,691.66,204
129,Upgradable incremental adapter,Beauty,416.85,386
130,Inverse reciprocal encryption,Books,461.61,249
131,Down-sized non-volatile product,Clothing,215.57,27
132,Phased systemic array,Toys,731.32,128
133,Multi-layered 3rdgeneration synergy,Toys,325.3,197
134,Right-sized solution-oriented info-mediaries,Sports & Outdoors,683.18,469
135,Reactive multimedia core,Books,621.24,404
136,Diverse logistical hub,Electronics,284.58,33
137,Up-sized disintermediate conglomeration,Health,526.45,266
138,Phased transitional customer loyalty,Home & Garden,420.62,230
139,Inverse clear-thinking frame,Clothing,383.03,445
140,Cloned 4thgeneration database,Beauty,393.68,220
141,Re-engineered maximized knowledgebase,Electronics,78.52,92
142,Fully-configurable systemic portal,Automotive,414.2,354
143,Organic disintermediate utilization,Beauty,247.37,321
144,Enhanced maximized middleware,Automotive,945.4,211
145,Stand-alone bifurcated website,Sports & Outdoors,505.32,362
146,Robust full-range complexity,Toys,18.9,492
147,Fully-configurable maximized success,Sports & Outdoors,54.39,211
148,Cloned 24hour synergy,Sports & Outdoors,977.05,329
149,Automated systemic service-desk,Toys,88.35,322
150,Open-source multi-state leverage,Home & Garden,867.45,453
151,Networked asynchronous toolset,Automotive,258.9,252
152,Operative empowering structure,Clothing,869.7,407
153,Public-key bottom-line structure,Beauty,790.75,105
154,Vision-oriented real-time project,Beauty,192.89,435
155,Public-key transitional algorithm,Home & Garden,618.29,262
156,Organic mission-critical success,Toys,704.38,454
157,Centralized explicit workforce,Automotive,205.59,342
158,Object-based uniform throughput,Home & Garden,239.62,19
159,Balanced high-level initiative,Books,903.57,114
160,Universal multimedia product,Automotive,222.8,362
161,Streamlined leadingedge interface,Electronics,571.7,466
162,Decentralized bi-directional circuit,Electronics,373.91,218
163,Fundamental well-modulated paradigm,Health,549.99,414
164,Versatile bifurcated success,Toys,557.51,424
165,Down-sized high-level installation,Clothing,310.11,236
166,Switchable global circuit,Health,806.31,330
167,Fully-configurable mission-critical database,Toys,90.74,69
168,Fundamental bandwidth-monitored groupware,Sports & Outdoors,227.63,86
169,Stand-alone system-worthy archive,Automotive,785.54,312
170,Persevering tertiary matrix,Clothing,73.19,114
171,Versatile dynamic system engine,Food & Beverage,512.82,127
172,Fundamental global frame,Automotive,411.77,378
173,Team-oriented leadingedge groupware,Toys,279.24,165
174,Organized tangible firmware,Beauty,998.1,74
175,Re-contextualized even-keeled policy,Sports & Outdoors,486.87,171
176,Automated well-modulated challenge,Home & Garden,895.33,230
177,Digitized multi-state forecast,Food & Beverage,158.26,217
178,Assimilated directional hub,Clothing,357.1,171
179,Re-contextualized high-level structure,Beauty,701.39,333
180,Implemented fault-tolerant structure,Sports & Outdoors,728.05,161
181,Diverse non-volatile productivity,Electronics,882.29,0
182,Integrated methodical structure,Sports & Outdoors,551.55,455
183,Organic systematic frame,Clothing,177.34,416
184,Distributed value-added workforce,Beauty,753.48,164
185,Team-oriented clear-thinking circuit,Automotive,787.69,34
186,Robust explicit info-mediaries,Health,511.01,485
187,Function-based scalable emulation,Electronics,566.29,35
188,Assimilated didactic paradigm,Food & Beverage,185.33,273
189,Innovative client-server paradigm,Beauty,115.19,159
190,Advanced empowering hierarchy,Automotive,534.65,50
191,Up-sized multimedia synergy,Beauty,988.22,123
192,Programmable impactful matrices,Automotive,970.12,442
193,Secured composite hardware,Books,174.91,441
194,Stand-alone coherent parallelism,Beauty,33.64,23
195,Profit-focused foreground model,Automotive,573.71,64
196,Multi-layered homogeneous matrix,Automotive,423.82,260
197,Stand-alone composite moderator,Beauty,282.8,484
198,Polarized context-sensitive matrices,Electronics,542.24,484
199,Multi-tiered 24/7 secured line,Books,344.3,418
200,Cloned global definition,Clothing,88.45,449
201,Integrated demand-driven definition,Beauty,377.3,283
202,Distributed even-keeled portal,Electronics,459.25,96
203,Vision-oriented upward-trending utilization,Books,158.0,300
204,Decentralized solution-oriented customer loyalty,Toys,434.32,478
205,Multi-channeled modular knowledgebase,Toys,80.37,445
206,Re-contextualized scalable access,Home & Garden,439.52,55
207,User-friendly zero tolerance toolset,Sports & Outdoors,295.94,43
208,Progressive discrete support,Home & Garden,151.21,450
209,Exclusive high-level secured line,Automotive,13.75,354
210,Automated impactful product,Home & Garden,444.61,118
211,Cross-platform full-range middleware,Beauty,206.17,59
212,Cloned encompassing neural-net,Home & Garden,204.8,244
213,Public-key user-facing monitoring,Clothing,490.97,206
214,Configurable analyzing knowledge user,Clothing,953.45,364
215,Re-contextualized multi-state encryption,Clothing,714.78,478
216,Fully-configurable eco-centric website,Food & Beverage,908.03,431
217,User-centric contextually-based solution,Clothing,896.09,216
218,Streamlined dynamic emulation,Electronics,602.3,297
219,Team-oriented transitional knowledgebase,Home & Garden,508.82,83
220,Enhanced 6thgeneration portal,Toys,608.97,182
221,Future-proofed neutral focus group,Beauty,459.56,42
222,Cross-group value-added core,Automotive,960.8,399
223,Upgradable asymmetric capacity,Electronics,766.32,435
224,Programmable exuding approach,Home & Garden,669.74,282
225,Expanded discrete encryption,Electronics,72.38,36
226,Reduced well-modulated paradigm,Books,440.69,202
227,Polarized maximized attitude,Electronics,855.6,494
228,Public-key zero tolerance application,Clothing,154.9,236
229,Intuitive scalable archive,Beauty,642.79,302
230,Exclusive mission-critical budgetary management,Clothing,643.77,129
231,Organic attitude-oriented leverage,Automotive,582.33,159
232,Exclusive bandwidth-monitored moratorium,Automotive,7.04,61
233,Reverse-engineered didactic policy,Automotive,452.33,54
234,Pre-emptive exuding open system,Toys,188.11,165
235,Advanced optimal Internet solution,Electronics,669.7,82
236,Customizable uniform intranet,Health,362.36,91
237,Vision-oriented secondary core,Toys,897.03,474
238,Reverse-engineered scalable pricing structure,Food & Beverage,989.32,475
239,Versatile logistical ability,Electronics,937.63,477
240,Function-based web-enabled installation,Sports & Outdoors,310.34,386
241,Right-sized encompassing methodology,Automotive,906.42,420
242,Self-enabling context-sensitive groupware,Sports & Outdoors,882.98,4
243,Profit-focused mission-critical migration,Home & Garden,445.67,255
244,Horizontal secondary framework,Home & Garden,85.47,240
245,Fundamental national encryption,Clothing,351.95,9
246,Mandatory even-keeled service-desk,Toys,128.3,122
247,Realigned motivating function,Sports & Outdoors,334.83,150
248,Self-enabling leadingedge budgetary management,Toys,564.6,74
249,Versatile contextually-based matrix,Clothing,851.59,150
250,Adaptive foreground migration,Home & Garden,699.89,1
251,Phased modular complexity,Automotive,175.76,168
252,Enhanced asymmetric task-force,Food & Beverage,275.81,113
253,Optional systematic framework,Health,987.57,446
254,Cross-platform leadingedge Graphical User Interface,Food & Beverage,231.88,426
255,Sharable systemic monitoring,Sports & Outdoors,613.9,258
256,Enterprise-wide content-based time-frame,Clothing,319.65,139
257,Customer-focused well-modulated emulation,Books,954.05,100
258,Extended fault-tolerant middleware,Beauty,792.41,314
259,Integrated foreground throughput,Automotive,469.06,404
260,Progressive methodical benchmark,Health,951.45,384
261,Synergized exuding pricing structure,Sports & Outdoors,847.92,378
262,Expanded object-oriented service-desk,Beauty,748.18,420
263,Distributed fresh-thinking complexity,Beauty,489.78,245
264,Ergonomic zero administration infrastructure,Books,384.57,32
265,Down-sized cohesive pricing structure,Automotive,11.57,301
266,Switchable cohesive Graphic Interface,Sports & Outdoors,918.73,256
267,Programmable methodical projection,Electronics,967.17,478
268,Right-sized zero tolerance instruction set,Health,206.45,264
269,Vision-oriented uniform flexibility,Books,905.15,263
270,Focused empowering leverage,Health,604.09,124
271,Innovative holistic circuit,Home & Garden,485.6,119
272,Integrated full-range superstructure,Clothing,979.38,13
273,Multi-channeled value-added functionalities,Food & Beverage,611.47,54
274,Organized fault-tolerant interface,Beauty,420.27,314
275,Re-contextualized hybrid task-force,Health,449.81,483
276,Operative 24hour task-force,Beauty,416.36,301
277,Open-architected analyzing installation,Beauty,801.24,95
278,Multi-channeled secondary workforce,Clothing,179.15,284
279,Devolved logistical throughput,Toys,666.77,359
280,Grass-roots 3rdgeneration strategy,Toys,720.86,269
281,Exclusive demand-driven protocol,Automotive,664.94,54
282,Universal eco-centric frame,Food & Beverage,94.51,233
283,Multi-layered 4thgeneration Graphic Interface,Clothing,158.19,221
284,Optimized homogeneous Graphic Interface,Toys,256.05,416
285,Realigned next generation support,Toys,992.15,365
286,Exclusive didactic process improvement,Sports & Outdoors,555.16,91
287,Profit-focused leadingedge focus group,Beauty,512.8,310
288,Customer-focused asynchronous encryption,Health,672.98,336
289,Diverse fresh-thinking success,Automotive,242.12,399
290,Polarized uniform parallelism,Food & Beverage,805.06,448
291,Phased 6thgeneration time-frame,Electronics,517.29,409
292,Switchable human-resource solution,Food & Beverage,915.4,336
293,Triple-buffered mobile encryption,Food & Beverage,760.2,96
294,Grass-roots real-time parallelism,Electronics,273.17,231
295,Multi-tiered analyzing attitude,Food & Beverage,262.66,212
296,Centralized scalable Graphical User Interface,Toys,506.2,333
297,Grass-roots national hub,Books,848.54,281
298,Organic executive budgetary management,Home & Garden,222.37,73
299,Phased client-driven synergy,Health,911.29,117
300,Compatible fresh-thinking time-frame,Books,882.93,491
301,Upgradable incremental collaboration,Sports & Outdoors,194.88,444
302,Distributed optimizing framework,Beauty,403.65,283
303,Re-engineered dedicated open architecture,Home & Garden,538.17,217
304,Cross-group leadingedge encryption,Sports & Outdoors,7.45,57
305,Inverse object-oriented moratorium,Automotive,780.92,437
306,Virtual stable firmware,Food & Beverage,201.89,271
307,Realigned multi-tasking frame,Books,853.03,497
308,Team-oriented 3rdgeneration challenge,Books,906.49,404
309,Visionary zero administration architecture,Toys,679.74,478
310,Total transitional support,Health,325.74,312
311,Intuitive high-level throughput,Toys,569.03,462
312,Organized value-added data-warehouse,Electronics,923.95,309
313,Enterprise-wide fresh-thinking Local Area Network,Toys,164.01,415
314,Focused logistical hierarchy,Beauty,334.36,411
315,Managed dedicated service-desk,Food & Beverage,892.06,223
316,Triple-buffered empowering extranet,Home & Garden,882.51,434
317,Robust value-added adapter,Electronics,543.67,341
318,Devolved bottom-line project,Sports & Outdoors,162.38,472
319,Open-source interactive infrastructure,Home & Garden,79.51,441
320,Pre-emptive actuating moderator,Food & Beverage,665.06,39
321,Centralized multimedia hub,Beauty,592.18,278
322,Ameliorated non-volatile Internet solution,Toys,182.75,451
323,Automated motivating website,Clothing,736.4,404
324,Inverse national matrix,Toys,742.35,477
325,Horizontal object-oriented groupware,Sports & Outdoors,602.83,146
326,Sharable asymmetric support,Automotive,70.46,37
327,Compatible non-volatile array,Automotive,47.85,449
328,Realigned zero-defect budgetary management,Clothing,982.71,435
329,Public-key cohesive website,Toys,375.94,97
330,Profound background orchestration,Food & Beverage,423.24,206
331,Persistent reciprocal projection,Sports & Outdoors,268.97,101
332,Ergonomic web-enabled archive,Sports & Outdoors,664.42,438
333,Visionary systemic Internet solution,Clothing,531.58,61
334,Grass-roots maximized knowledge user,Toys,85.73,89
335,User-centric coherent projection,Electronics,664.12,399
336,Managed asynchronous contingency,Sports & Outdoors,448.94,462
337,Stand-alone object-oriented Graphical User Interface,Clothing,43.37,500
338,Persevering multi-tasking time-frame,Books,302.37,305
339,Team-oriented user-facing Internet solution,Beauty,573.82,359
340,Ameliorated impactful orchestration,Home & Garden,598.35,23
341,Implemented 24hour process improvement,Automotive,136.38,422
342,Networked 3rdgeneration access,Toys,468.1,321
343,Face-to-face fresh-thinking interface,Toys,316.25,14
344,Distributed empowering definition,Books,59.28,287
345,Reduced systematic throughput,Clothing,370.26,456
346,Inverse national knowledgebase,Beauty,562.92,214
347,Streamlined static customer loyalty,Automotive,325.03,408
348,Visionary object-oriented help-desk,Health,527.8,415
349,Universal object-oriented collaboration,Beauty,984.9,463
350,Ergonomic zero administration circuit,Sports & Outdoors,904.21,451
351,Expanded fault-tolerant contingency,Electronics,607.01,204
352,Cross-platform 4thgeneration monitoring,Toys,682.41,366
353,Robust 6thgeneration time-frame,Beauty,960.08,132
354,De-engineered needs-based hardware,Food & Beverage,235.52,74
355,Cloned fresh-thinking functionalities,Books,256.98,93
356,Focused stable database,Clothing,265.94,101
357,Exclusive exuding complexity,Sports & Outdoors,601.99,349
358,Optimized encompassing emulation,Books,200.64,495
359,Extended zero administration help-desk,Food & Beverage,340.94,192
360,Assimilated client-driven intranet,Books,950.01,221
361,Decentralized homogeneous algorithm,Electronics,6.98,476
362,Organic value-added support,Home & Garden,757.04,297
363,Expanded homogeneous application,Beauty,70.24,409
364,Organized leadingedge initiative,Toys,994.51,225
365,Exclusive demand-driven throughput,Food & Beverage,670.41,54
366,Multi-tiered optimizing capability,Health,461.56,282
367,Cross-group context-sensitive middleware,Books,23.46,12
368,Reduced uniform model,Beauty,645.26,288
369,Decentralized cohesive system engine,Health,25.08,36
370,Expanded bottom-line matrix,Toys,614.06,288
371,User-centric real-time help-desk,Health,864.22,387
372,User-friendly foreground instruction set,Clothing,805.26,482
373,Ergonomic demand-driven array,Toys,383.21,29
374,Profit-focused high-level matrices,Home & Garden,312.29,111
375,Function-based multimedia budgetary management,Clothing,373.43,157
376,Persevering 3rdgeneration ability,Books,816.04,356
377,Multi-tiered intangible initiative,Health,764.54,273
378,Cross-platform heuristic hierarchy,Health,216.54,214
379,Integrated asymmetric Internet solution,Books,638.61,104
380,Streamlined exuding emulation,Food & Beverage,902.81,408
381,Total attitude-oriented projection,Food & Beverage,820.65,493
382,Stand-alone human-resource leverage,Electronics,865.84,312
383,Ameliorated even-keeled superstructure,Beauty,479.23,62
384,Stand-alone fresh-thinking analyzer,Health,961.55,495
385,Digitized dynamic conglomeration,Books,651.34,444
386,Re-contextualized 24/7 capacity,Clothing,419.3,53
387,Programmable coherent challenge,Books,394.21,338
388,Team-oriented methodical task-force,Automotive,550.36,284
389,Automated analyzing policy,Books,827.93,205
390,Expanded user-facing protocol,Books,46.01,312
391,Implemented holistic process improvement,Sports & Outdoors,597.86,212
392,Operative cohesive instruction set,Health,726.2,143
393,Enhanced context-sensitive model,Food & Beverage,260.2,347
394,Distributed user-facing workforce,Beauty,539.15,39
395,Synchronized contextually-based hierarchy,Books,150.77,208
396,Customizable zero tolerance complexity,Sports & Outdoors,81.66,450
397,Assimilated modular database,Sports & Outdoors,820.04,138
398,Integrated impactful product,Toys,805.07,258
399,Multi-layered empowering process improvement,Home & Garden,194.43,492
400,Inverse 4thgeneration toolset,Toys,256.95,272
401,Assimilated full-range algorithm,Health,39.87,123
402,Phased 5thgeneration support,Health,383.93,10
403,Digitized incremental analyzer,Toys,741.71,136
404,Quality-focused homogeneous task-force,Automotive,395.71,99
405,Right-sized uniform moderator,Electronics,473.84,93
406,Down-sized cohesive attitude,Books,82.21,417
407,Advanced grid-enabled definition,Electronics,119.42,271
408,Cross-group intangible architecture,Automotive,473.14,321
409,Customizable methodical Local Area Network,Food & Beverage,408.4,366
410,Operative national intranet,Beauty,111.77,98
411,Devolved real-time workforce,Health,731.52,34
412,Sharable 24hour function,Food & Beverage,550.28,24
413,Phased methodical extranet,Automotive,39.84,197
414,De-engineered fresh-thinking protocol,Home & Garden,670.19,115
415,Quality-focused high-level pricing structure,Food & Beverage,861.21,177
416,Synchronized transitional attitude,Beauty,454.35,467
417,Polarized modular synergy,Clothing,329.6,386
418,Re-engineered dedicated capacity,Electronics,722.79,73
419,Face-to-face multimedia capacity,Health,605.15,207
420,Digitized directional protocol,Home & Garden,828.02,342
421,Configurable value-added attitude,Books,757.28,243
422,Universal impactful forecast,Health,551.2,1
423,Seamless bi-directional encryption,Food & Beverage,506.01,179
424,Face-to-face eco-centric contingency,Food & Beverage,90.53,467
425,Upgradable stable framework,Electronics,439.88,387
426,Managed tertiary Local Area Network,Automotive,229.86,227
427,Synchronized optimizing model,Toys,691.96,369
428,Programmable object-oriented flexibility,Home & Garden,322.99,336
429,Virtual clear-thinking Graphic Interface,Toys,95.99,293
430,Optimized holistic protocol,Automotive,807.54,451
431,Digitized optimal support,Food & Beverage,465.06,327
432,Automated value-added website,Beauty,171.38,54
433,Networked responsive application,Food & Beverage,280.02,109
434,Exclusive contextually-based access,Books,308.33,415
435,Digitized scalable alliance,Electronics,992.82,93
436,Front-line cohesive infrastructure,Books,222.69,353
437,Inverse 24/7 orchestration,Home & Garden,936.4,69
438,Polarized mission-critical hardware,Beauty,917.15,253
439,Ergonomic responsive orchestration,Health,739.05,414
440,Open-architected local data-warehouse,Health,48.59,86
441,Persevering regional firmware,Food & Beverage,253.51,397
442,Quality-focused leadingedge capability,Books,328.18,469
443,User-friendly even-keeled projection,Automotive,901.36,324
444,Visionary multimedia Graphical User Interface,Home & Garden,735.67,255
445,Mandatory contextually-based extranet,Toys,433.18,374
446,Mandatory mobile throughput,Food & Beverage,892.45,34
447,Reactive logistical protocol,Books,279.98,370
448,Cross-platform static Graphical User Interface,Books,556.64,384
449,Virtual multi-state firmware,Home & Garden,85.81,420
450,Cloned zero tolerance hierarchy,Sports & Outdoors,84.22,66
451,Optimized secondary algorithm,Clothing,700.9,275
452,Quality-focused clear-thinking attitude,Beauty,212.19,256
453,Focused logistical budgetary management,Health,62.53,449
454,Decentralized neutral structure,Books,936.64,55
455,Implemented clear-thinking hardware,Toys,485.41,56
456,Integrated local Internet solution,Electronics,732.36,34
457,Reactive attitude-oriented middleware,Health,63.45,20
458,Enterprise-wide hybrid migration,Automotive,333.04,256
459,Ergonomic client-server software,Sports & Outdoors,194.38,113
460,Face-to-face zero-defect adapter,Toys,254.83,192
461,Exclusive upward-trending synergy,Home & Garden,324.86,126
462,Multi-channeled multi-tasking policy,Toys,463.36,29
463,Vision-oriented coherent open system,Toys,56.85,105
464,Progressive multi-tasking application,Automotive,562.64,337
465,Public-key high-level moratorium,Food & Beverage,260.23,114
466,Focused system-worthy moderator,Sports & Outdoors,613.52,145
467,Down-sized holistic complexity,Electronics,499.81,153
468,Cross-platform systemic concept,Clothing,180.39,462
469,Sharable scalable process improvement,Home & Garden,459.19,193
470,Face-to-face web-enabled structure,Electronics,437.96,482
471,Distributed needs-based pricing structure,Toys,309.68,48
472,Optimized dedicated focus group,Clothing,377.25,312
473,Business-focused impactful frame,Electronics,863.4,43
474,Networked multi-state instruction set,Health,596.39,46
475,Phased maximized Graphic Interface,Food & Beverage,867.44,363
476,Devolved uniform framework,Health,161.54,56
477,Adaptive asynchronous extranet,Beauty,556.01,286
478,Triple-buffered next generation secured line,Toys,890.79,198
479,Integrated demand-driven superstructure,Food & Beverage,930.7,398
480,Seamless radical architecture,Health,855.71,136
481,Centralized web-enabled installation,Clothing,182.34,387
482,Devolved client-server matrices,Toys,641.37,336
483,Diverse well-modulated workforce,Food & Beverage,864.39,368
484,Fully-configurable hybrid toolset,Home & Garden,692.7,473
485,Diverse secondary instruction set,Beauty,652.77,24
486,Object-based optimizing core,Sports & Outdoors,198.57,496
487,Fully-configurable grid-enabled archive,Toys,789.05,368
488,Face-to-face even-keeled challenge,Home & Garden,808.72,283
489,Open-architected bottom-line success,Clothing,96.72,351
490,User-centric optimal service-desk,Food & Beverage,802.8,56
491,Distributed demand-driven intranet,Electronics,697.19,198
492,Digitized systematic focus group,Home & Garden,829.16,129
493,Virtual fresh-thinking access,Home & Garden,697.15,212
494,Sharable bottom-line model,Books,552.0,282
495,Integrated multi-tasking benchmark,Electronics,479.42,451
496,Visionary responsive policy,Toys,254.02,343
497,Phased discrete protocol,Electronics,676.15,38
498,Organic exuding capability,Food & Beverage,492.95,131
499,Quality-focused value-added pricing structure,Books,318.83,45
500,Persevering coherent archive,Sports & Outdoors,871.44,24
501,Versatile uniform Graphical User Interface,Food & Beverage,544.31,467
502,Future-proofed 6thgeneration implementation,Books,407.75,393
503,Function-based bifurcated product,Books,995.13,452
504,Persistent interactive paradigm,Beauty,406.47,310
505,Down-sized tertiary solution,Electronics,458.04,165
506,Pre-emptive well-modulated frame,Health,247.43,399
507,Face-to-face multi-state benchmark,Home & Garden,566.16,435
508,Cross-group upward-trending portal,Home & Garden,300.49,422
509,Right-sized high-level encoding,Health,710.87,28
510,Synchronized modular standardization,Food & Beverage,915.52,93
511,Optional intangible approach,Health,985.94,237
512,Sharable bi-directional throughput,Clothing,849.5,490
513,Grass-roots uniform superstructure,Electronics,988.83,146
514,Grass-roots eco-centric productivity,Automotive,641.95,323
515,Profound full-range instruction set,Beauty,286.97,126
516,Synchronized eco-centric help-desk,Electronics,893.75,134
517,Configurable 24/7 attitude,Health,290.18,8
518,Universal mobile encryption,Home & Garden,728.03,218
519,Reduced modular definition,Health,914.26,343
520,Reverse-engineered intermediate secured line,Home & Garden,6.86,122
521,Future-proofed bi-directional time-frame,Sports & Outdoors,635.41,489
522,Triple-buffered mobile open architecture,Electronics,118.8,274
523,Robust non-volatile implementation,Clothing,114.59,12
524,Robust multi-state secured line,Home & Garden,952.44,324
525,Multi-tiered 6thgeneration portal,Home & Garden,618.05,423
526,Customer-focused optimizing utilization,Health,337.73,386
527,Stand-alone bandwidth-monitored orchestration,Health,95.84,42
528,Cross-platform bottom-line task-force,Electronics,426.19,228
529,Front-line high-level paradigm,Automotive,14.48,466
530,Synergistic tertiary portal,Food & Beverage,169.91,345
531,Operative hybrid structure,Electronics,670.33,32
532,User-friendly 6thgeneration hardware,Health,442.76,412
533,Stand-alone zero tolerance intranet,Toys,912.0,383
534,Persevering object-oriented model,Food & Beverage,757.83,273
535,Automated impactful workforce,Health,514.9,176
536,Self-enabling value-added time-frame,Food & Beverage,575.44,14
537,Optional static algorithm,Health,98.88,192
538,Extended non-volatile contingency,Health,718.5,109
539,Assimilated responsive groupware,Automotive,40.55,457
540,Cross-platform explicit installation,Home & Garden,561.29,214
541,Assimilated upward-trending knowledgebase,Home & Garden,439.4,319
542,Function-based heuristic software,Clothing,67.65,474
543,Monitored heuristic encryption,Home & Garden,540.6,256
544,Grass-roots local toolset,Automotive,668.91,177
545,Business-focused fresh-thinking knowledgebase,Sports & Outdoors,386.23,361
546,Total scalable firmware,Electronics,52.46,191
547,Visionary cohesive database,Automotive,849.94,81
548,Realigned zero administration neural-net,Electronics,543.83,310
549,Stand-alone fresh-thinking support,Beauty,713.3,227
550,Open-architected web-enabled hardware,Automotive,267.36,353
551,Vision-oriented context-sensitive methodology,Sports & Outdoors,801.39,339
552,Cross-group full-range help-desk,Toys,999.06,45
553,Seamless national support,Food & Beverage,973.19,392
554,Focused foreground function,Automotive,173.81,76
555,Cross-platform uniform array,Beauty,415.57,295
556,Sharable impactful functionalities,Toys,69.41,63
557,Secured modular productivity,Sports & Outdoors,398.44,433
558,Enterprise-wide web-enabled implementation,Health,673.65,174
559,Exclusive empowering strategy,Electronics,835.19,433
560,Pre-emptive grid-enabled Graphical User Interface,Toys,429.37,3
561,Organic high-level system engine,Toys,530.96,303
562,Diverse composite Graphic Interface,Sports & Outdoors,979.59,36
563,Ameliorated bifurcated core,Automotive,767.79,10
564,Reduced fault-tolerant middleware,Sports & Outdoors,261.86,111
565,Total secondary open architecture,Sports & Outdoors,350.22,417
566,Implemented web-enabled open architecture,Books,937.9,274
567,Public-key context-sensitive infrastructure,Home & Garden,336.97,361
568,Secured tangible archive,Health,296.28,219
569,Exclusive background array,Sports & Outdoors,554.57,228
570,Universal radical protocol,Home & Garden,71.54,136
571,Open-architected empowering circuit,Sports & Outdoors,108.44,405
572,Universal global monitoring,Food & Beverage,59.91,26
573,Multi-channeled hybrid challenge,Automotive,796.66,65
574,Networked bi-directional support,Beauty,883.91,18
575,Implemented reciprocal open system,Clothing,534.1,353
576,Configurable fresh-thinking definition,Books,350.59,210
577,Organic 6thgeneration encryption,Home & Garden,738.52,490
578,Reactive coherent secured line,Health,811.61,234
579,Grass-roots 4thgeneration methodology,Beauty,95.97,226
580,Face-to-face system-worthy definition,Clothing,694.97,420
581,Fully-configurable directional intranet,Toys,374.93,481
582,Stand-alone didactic circuit,Clothing,817.04,209
583,Advanced explicit encryption,Sports & Outdoors,432.11,288
584,Ameliorated reciprocal matrices,Automotive,56.51,7
585,Organic intangible open architecture,Sports & Outdoors,993.85,267
586,Reactive non-volatile core,Health,532.46,126
587,Open-source contextually-based model,Books,227.9,234
588,Reduced impactful product,Sports & Outdoors,506.41,258
589,Re-engineered human-resource synergy,Beauty,946.11,411
590,Fundamental tertiary utilization,Food & Beverage,872.31,422
591,Multi-lateral empowering Internet solution,Beauty,414.11,173
592,Multi-layered high-level encoding,Beauty,63.2,376
593,Intuitive needs-based help-desk,Beauty,873.44,188
594,Compatible system-worthy challenge,Health,195.69,116
595,Inverse tangible encryption,Clothing,826.51,427
596,Public-key optimal capacity,Electronics,993.36,321
597,Cross-platform zero tolerance middleware,Clothing,411.14,306
598,Triple-buffered methodical monitoring,Home & Garden,971.93,7
599,Intuitive bi-directional workforce,Sports & Outdoors,594.52,435
600,Robust discrete success,Clothing,441.68,392
601,Monitored transitional standardization,Clothing,85.26,191
602,Stand-alone neutral definition,Toys,511.57,360
603,Persistent encompassing orchestration,Beauty,47.08,145
604,Business-focused logistical process improvement,Automotive,298.06,123
605,Organic modular parallelism,Clothing,624.53,243
606,Optional asymmetric concept,Books,39.27,51
607,Ameliorated next generation knowledge user,Automotive,896.91,280
608,Realigned solution-oriented approach,Toys,887.14,312
609,Monitored mission-critical strategy,Food & Beverage,171.7,182
610,Digitized asymmetric software,Electronics,722.48,268
611,Multi-channeled asymmetric success,Clothing,174.86,382
612,Grass-roots non-volatile extranet,Automotive,677.25,25
613,Upgradable 4thgeneration structure,Toys,415.97,113
614,Right-sized mobile Internet solution,Health,324.41,493
615,Triple-buffered well-modulated challenge,Home & Garden,954.26,310
616,Object-based didactic protocol,Health,396.83,324
617,Organized fault-tolerant monitoring,Sports & Outdoors,966.38,488
618,Total systematic framework,Books,347.02,415
619,Managed discrete open system,Clothing,145.18,376
620,Profound incremental circuit,Beauty,324.12,158
621,Visionary needs-based software,Toys,587.38,325
622,Reverse-engineered foreground ability,Clothing,807.99,120
623,Seamless actuating structure,Health,50.99,229
624,Versatile heuristic parallelism,Beauty,937.58,37
625,Decentralized zero-defect archive,Health,46.69,336
626,Seamless asymmetric moderator,Clothing,338.67,246
627,Open-source upward-trending complexity,Electronics,603.16,146
628,Upgradable content-based encryption,Books,182.07,216
629,Right-sized zero-defect task-force,Health,944.44,0
630,Enhanced contextually-based algorithm,Toys,696.42,351
631,Streamlined modular superstructure,Beauty,499.38,278
632,Decentralized full-range array,Sports & Outdoors,801.27,189
633,Cross-platform impactful orchestration,Books,477.88,213
634,Total systemic info-mediaries,Automotive,439.6,384
635,Open-source homogeneous standardization,Automotive,816.4,134
636,Phased client-driven Graphical User Interface,Health,574.23,255
637,Enterprise-wide bandwidth-monitored function,Food & Beverage,705.39,213
638,Multi-channeled context-sensitive strategy,Clothing,659.52,94
639,Optional eco-centric methodology,Electronics,478.57,131
640,Cross-group contextually-based firmware,Home & Garden,227.45,303
641,Open-architected dedicated emulation,Clothing,358.29,349
642,Monitored secondary productivity,Clothing,754.36,122
643,Configurable global knowledge user,Toys,399.43,372
644,Versatile bandwidth-monitored moderator,Clothing,595.42,397
645,Function-based 3rdgeneration portal,Books,17.82,126
646,Centralized next generation approach,Beauty,96.1,182
647,Synergized holistic attitude,Food & Beverage,504.75,39
648,Down-sized 24hour moderator,Home & Garden,435.24,482
649,Advanced 24hour Graphic Interface,Health,296.15,215
650,Networked fault-tolerant algorithm,Toys,366.01,78
651,Re-contextualized non-volatile hub,Automotive,370.12,351
652,Cloned context-sensitive core,Beauty,568.18,242
653,Sharable regional methodology,Beauty,573.4,412
654,Enterprise-wide national data-warehouse,Health,641.49,228
655,Monitored bandwidth-monitored software,Health,512.88,221
656,Distributed radical hub,Health,941.9,318
657,Re-engineered context-sensitive intranet,Sports & Outdoors,493.08,299
658,Triple-buffered zero administration conglomeration,Beauty,817.85,84
659,Profit-focused coherent intranet,Clothing,224.45,451
660,Assimilated regional alliance,Sports & Outdoors,103.47,79
661,Public-key bottom-line workforce,Automotive,507.52,159
662,Integrated explicit benchmark,Sports & Outdoors,85.96,417
663,Monitored systemic contingency,Clothing,101.27,12
664,Reverse-engineered multi-state concept,Health,873.24,183
665,Cross-platform modular core,Home & Garden,237.09,236
666,Robust coherent pricing structure,Health,71.83,128
667,Mandatory logistical protocol,Health,50.06,403
668,Reactive human-resource toolset,Home & Garden,371.93,102
669,Organized bifurcated secured line,Electronics,999.28,278
670,Reactive asymmetric Graphical User Interface,Sports & Outdoors,684.66,93
671,Fully-configurable high-level circuit,Beauty,512.86,265
672,Front-line mobile core,Books,275.53,66
673,Open-architected 6thgeneration help-desk,Electronics,149.18,77
674,Centralized mission-critical workforce,Sports & Outdoors,615.8,330
675,Switchable tertiary system engine,Food & Beverage,540.57,218
676,Reverse-engineered bandwidth-monitored model,Books,392.22,310
677,Cross-group stable projection,Sports & Outdoors,186.55,297
678,Inverse multi-tasking open system,Food & Beverage,332.12,426
679,Re-engineered tangible monitoring,Sports & Outdoors,473.9,270
680,Programmable hybrid system engine,Automotive,762.18,193
681,Quality-focused secondary customer loyalty,Beauty,389.92,52
682,Horizontal fresh-thinking challenge,Home & Garden,865.35,258
683,Organized well-modulated customer loyalty,Health,563.76,379
684,Implemented responsive interface,Health,13.05,141
685,Open-architected intermediate implementation,Automotive,629.83,276
686,Configurable mobile algorithm,Books,764.45,190
687,Pre-emptive bi-directional Graphic Interface,Books,418.8,34
688,Realigned mission-critical pricing structure,Books,246.3,165
689,Networked fault-tolerant methodology,Food & Beverage,821.6,189
690,Visionary executive throughput,Toys,923.57,67
691,Synergized tangible approach,Sports & Outdoors,722.29,445
692,Progressive 6thgeneration core,Toys,871.21,314
693,Cross-group fault-tolerant parallelism,Health,154.6,399
694,User-friendly object-oriented moratorium,Food & Beverage,454.14,198
695,Enhanced secondary functionalities,Books,229.05,35
696,User-centric actuating monitoring,Toys,948.49,434
697,Assimilated actuating framework,Toys,867.92,438
698,Networked content-based help-desk,Books,927.22,35
699,Public-key actuating software,Food & Beverage,318.7,342
700,Optional user-facing migration,Automotive,450.91,466
701,Progressive context-sensitive migration,Beauty,663.27,480
702,Multi-layered systemic standardization,Food & Beverage,918.88,170
703,Balanced didactic attitude,Toys,311.06,418
704,Persevering contextually-based definition,Beauty,502.28,327
705,Universal foreground archive,Sports & Outdoors,382.76,149
706,Universal demand-driven methodology,Sports & Outdoors,678.44,193
707,Expanded object-oriented productivity,Home & Garden,756.7,88
708,Seamless 24/7 analyzer,Automotive,395.11,111
709,Multi-tiered demand-driven solution,Toys,715.52,45
710,Customizable explicit ability,Health,722.95,310
711,Front-line stable groupware,Food & Beverage,347.69,113
712,Enhanced human-resource emulation,Books,945.77,348
713,Multi-layered impactful analyzer,Home & Garden,655.85,267
714,Distributed client-server policy,Beauty,559.11,288
715,Fully-configurable regional secured line,Beauty,566.8,141
716,Fundamental interactive software,Electronics,953.52,452
717,Re-engineered tertiary product,Home & Garden,984.74,135
718,Integrated demand-driven projection,Automotive,831.5,33
719,User-centric encompassing installation,Beauty,390.56,51
720,Team-oriented 24/7 instruction set,Electronics,956.03,314
721,Open-source homogeneous focus group,Clothing,70.94,415
722,Ergonomic zero-defect matrix,Electronics,925.69,365
723,Function-based radical access,Health,196.13,374
724,Self-enabling system-worthy infrastructure,Toys,888.38,228
725,Balanced tangible throughput,Automotive,282.15,196
726,Organized clear-thinking protocol,Beauty,491.24,233
727,Team-oriented directional archive,Beauty,168.11,462
728,Sharable bifurcated budgetary management,Electronics,600.67,86
729,Diverse mobile architecture,Food & Beverage,365.46,318
730,Enterprise-wide national Graphic Interface,Books,464.4,72
731,Down-sized user-facing extranet,Beauty,428.19,371
732,Synergized transitional solution,Sports & Outdoors,667.63,377
733,Object-based executive monitoring,Books,912.11,490
734,Horizontal executive open system,Health,749.57,163
735,Fundamental bi-directional task-force,Automotive,292.72,333
736,Decentralized hybrid customer loyalty,Books,680.15,334
737,Cross-group next generation methodology,Home & Garden,579.92,487
738,Exclusive clear-thinking model,Food & Beverage,641.59,26
739,Automated methodical matrices,Beauty,827.26,426
740,Customer-focused bifurcated emulation,Books,969.14,410
741,Automated human-resource contingency,Books,79.79,442
742,Configurable well-modulated solution,Food & Beverage,359.64,42
743,Cloned disintermediate Internet solution,Toys,929.76,145
744,Seamless holistic intranet,Clothing,532.81,316
745,User-centric client-server intranet,Sports & Outdoors,32.38,68
746,Right-sized zero administration analyzer,Beauty,570.79,402
747,Switchable motivating throughput,Beauty,493.86,460
748,Ergonomic zero administration database,Food & Beverage,499.52,242
749,Up-sized foreground analyzer,Toys,665.91,139
750,Re-contextualized 24/7 collaboration,Toys,9.2,83
751,Mandatory eco-centric conglomeration,Electronics,216.72,185
752,Monitored maximized customer loyalty,Home & Garden,499.64,426
753,Stand-alone analyzing infrastructure,Home & Garden,568.36,171
754,Multi-tiered coherent frame,Automotive,648.74,266
755,Profit-focused asymmetric definition,Automotive,250.21,273
756,Enterprise-wide responsive core,Clothing,563.01,88
757,Managed stable success,Sports & Outdoors,675.68,163
758,Organic 4thgeneration intranet,Beauty,637.99,480
759,Cloned dynamic portal,Food & Beverage,311.11,157
760,Progressive executive open architecture,Books,645.98,203
761,Diverse client-server neural-net,Beauty,213.11,312
762,Intuitive analyzing budgetary management,Electronics,907.81,26
763,Synergized asymmetric installation,Automotive,445.38,131
764,Programmable national adapter,Beauty,388.55,297
765,Secured uniform concept,Toys,155.54,484
766,Up-sized fresh-thinking hub,Clothing,724.79,34
767,Automated client-server benchmark,Sports & Outdoors,306.34,87
768,Synergized discrete ability,Books,277.3,376
769,Multi-tiered 24hour open system,Health,845.81,474
770,Centralized human-resource throughput,Automotive,402.66,180
771,Re-contextualized bottom-line definition,Automotive,156.96,208
772,Virtual responsive alliance,Sports & Outdoors,971.35,415
773,Re-contextualized needs-based archive,Beauty,205.78,269
774,Ameliorated solution-oriented leverage,Automotive,826.7,162
775,Re-engineered secondary info-mediaries,Toys,548.85,417
776,Horizontal systemic pricing structure,Electronics,255.47,406
777,Networked local synergy,Home & Garden,274.13,27
778,Front-line systemic matrix,Home & Garden,864.58,472
779,Seamless eco-centric hardware,Home & Garden,356.23,320
780,Sharable logistical matrices,Health,955.19,374
781,Distributed logistical monitoring,Electronics,842.13,143
782,Multi-lateral directional circuit,Food & Beverage,497.78,383
783,Horizontal scalable superstructure,Clothing,812.01,90
784,Enhanced human-resource extranet,Automotive,33.6,99
785,Diverse holistic support,Sports & Outdoors,187.55,118
786,Ameliorated intermediate workforce,Automotive,165.19,39
787,Innovative client-server analyzer,Sports & Outdoors,541.84,302
788,Persevering incremental strategy,Beauty,543.61,392
789,Quality-focused discrete initiative,Home & Garden,200.53,219
790,De-engineered responsive help-desk,Sports & Outdoors,746.04,57
791,Expanded impactful instruction set,Home & Garden,746.44,135
792,Operative logistical superstructure,Clothing,591.0,410
793,Organized leadingedge info-mediaries,Sports & Outdoors,525.32,392
794,Persistent high-level Graphical User Interface,Toys,389.45,8
795,Inverse static initiative,Beauty,743.86,431
796,Devolved uniform moderator,Home & Garden,771.13,292
797,Expanded dynamic data-warehouse,Clothing,986.33,383
798,Universal content-based open system,Food & Beverage,648.19,273
799,Ergonomic upward-trending protocol,Electronics,459.49,436
800,Secured high-level Local Area Network,Clothing,442.73,170
801,Reactive well-modulated utilization,Toys,853.11,347
802,Open-source holistic project,Books,955.06,267
803,Integrated didactic infrastructure,Books,189.11,208
804,Digitized methodical benchmark,Automotive,148.76,326
805,Quality-focused solution-oriented knowledge user,Electronics,985.49,410
806,Innovative zero-defect process improvement,Books,807.1,394
807,Open-source actuating customer loyalty,Electronics,823.72,402
808,Extended global neural-net,Clothing,940.95,164
809,Diverse stable info-mediaries,Books,380.99,384
810,Programmable intermediate contingency,Books,526.41,146
811,Organic 4thgeneration solution,Beauty,338.54,210
812,Expanded human-resource open system,Clothing,647.46,129
813,Synchronized context-sensitive flexibility,Automotive,338.81,2
814,User-friendly systemic open system,Toys,780.47,322
815,Visionary coherent project,Books,43.84,279
816,Open-architected object-oriented toolset,Food & Beverage,243.67,338
817,Exclusive coherent installation,Electronics,514.98,158
818,Intuitive maximized encryption,Health,925.19,97
819,User-centric clear-thinking task-force,Home & Garden,185.04,408
820,Pre-emptive foreground pricing structure,Clothing,266.89,267
821,Virtual reciprocal moderator,Food & Beverage,452.37,321
822,User-centric responsive alliance,Books,375.26,150
823,Synergistic bandwidth-monitored toolset,Toys,367.26,19
824,Cloned attitude-oriented adapter,Food & Beverage,27.88,228
825,Advanced actuating groupware,Beauty,570.53,95
826,Cross-group foreground help-desk,Clothing,966.59,392
827,Exclusive value-added collaboration,Clothing,259.31,115
828,Extended fault-tolerant architecture,Sports & Outdoors,54.44,125
829,Multi-lateral regional functionalities,Automotive,311.38,321
830,Reduced local leverage,Home & Garden,893.29,460
831,Mandatory tertiary conglomeration,Toys,766.36,149
832,Implemented exuding attitude,Clothing,397.95,372
833,Realigned cohesive collaboration,Beauty,417.66,284
834,Diverse intangible capability,Clothing,509.35,428
835,Public-key regional installation,Beauty,582.03,327
836,Diverse next generation neural-net,Books,418.22,495
837,Self-enabling methodical standardization,Food & Beverage,740.55,173
838,Grass-roots system-worthy encryption,Beauty,625.21,425
839,Customizable stable circuit,Automotive,761.82,68
840,Organic bandwidth-monitored system engine,Books,351.89,231
841,Balanced client-driven implementation,Home & Garden,295.91,409
842,Phased homogeneous matrices,Beauty,970.49,185
843,Down-sized zero administration adapter,Books,931.55,43
844,Reverse-engineered system-worthy hierarchy,Home & Garden,985.29,44
845,Organic optimal orchestration,Beauty,986.57,442
846,Enterprise-wide local adapter,Books,375.04,169
847,Pre-emptive static open system,Health,349.76,454
848,Monitored global artificial intelligence,Health,496.39,441
849,Multi-layered asymmetric conglomeration,Automotive,806.9,495
850,Devolved regional framework,Food & Beverage,757.48,23
851,Synergistic hybrid collaboration,Books,647.09,480
852,Customizable static customer loyalty,Health,455.64,280
853,Sharable fresh-thinking frame,Electronics,188.08,494
854,Universal zero tolerance artificial intelligence,Automotive,529.4,414
855,Multi-channeled real-time website,Clothing,293.69,79
856,Proactive 3rdgeneration process improvement,Beauty,92.58,474
857,Reverse-engineered intangible concept,Books,943.81,493
858,Multi-lateral eco-centric core,Food & Beverage,300.63,207
859,Profound even-keeled model,Home & Garden,963.71,111
860,Assimilated mobile functionalities,Beauty,267.54,483
861,Down-sized actuating projection,Toys,850.49,419
862,Front-line tangible function,Electronics,460.97,23
863,Fundamental local Internet solution,Electronics,926.8,351
864,Mandatory 6thgeneration flexibility,Toys,41.54,156
865,User-friendly well-modulated protocol,Sports & Outdoors,218.83,262
866,Persevering stable artificial intelligence,Home & Garden,214.57,351
867,Managed neutral alliance,Clothing,933.18,132
868,De-engineered regional access,Electronics,255.61,331
869,User-centric object-oriented adapter,Health,129.39,387
870,Innovative homogeneous customer loyalty,Toys,877.09,72
871,Phased homogeneous info-mediaries,Beauty,949.75,212
872,Automated system-worthy service-desk,Automotive,248.72,357
873,Future-proofed tangible implementation,Electronics,733.88,107
874,Managed high-level website,Health,396.5,102
875,Profound zero tolerance interface,Food & Beverage,636.07,96
876,Open-source tertiary Graphical User Interface,Sports & Outdoors,345.09,262
877,De-engineered grid-enabled success,Home & Garden,598.69,379
878,Fundamental neutral core,Sports & Outdoors,962.63,377
879,Pre-emptive executive flexibility,Clothing,826.64,128
880,Configurable local secured line,Home & Garden,406.27,389
881,Configurable static functionalities,Toys,322.09,426
882,Profound bifurcated adapter,Home & Garden,355.82,271
883,De-engineered well-modulated benchmark,Sports & Outdoors,870.02,457
884,Fully-configurable asynchronous conglomeration,Clothing,713.26,297
885,Multi-layered asymmetric collaboration,Clothing,124.73,142
886,Re-engineered disintermediate time-frame,Beauty,78.94,96
887,Cross-group asynchronous access,Automotive,745.56,343
888,Up-sized 24/7 support,Automotive,384.42,227
889,Mandatory regional archive,Home & Garden,821.23,112
890,Distributed optimal product,Sports & Outdoors,23.98,34
891,Persevering responsive groupware,Books,299.88,457
892,Synchronized bi-directional pricing structure,Electronics,848.6,107
893,Decentralized analyzing strategy,Beauty,567.59,285
894,Devolved dedicated synergy,Electronics,523.7,224
895,Configurable contextually-based array,Toys,10.46,89
896,Universal background ability,Clothing,115.89,35
897,Optional systemic emulation,Clothing,235.85,500
898,Expanded actuating structure,Sports & Outdoors,927.17,16
899,Configurable human-resource Graphic Interface,Food & Beverage,76.24,347
900,Self-enabling multi-tasking core,Food & Beverage,168.06,319
901,Phased dedicated strategy,Clothing,888.98,224
902,Proactive real-time strategy,Health,517.47,413
903,Enterprise-wide methodical forecast,Sports & Outdoors,650.57,331
904,Upgradable systematic parallelism,Toys,220.31,410
905,Centralized leadingedge contingency,Beauty,246.11,134
906,Profit-focused 24hour artificial intelligence,Health,754.61,269
907,Enhanced dedicated firmware,Sports & Outdoors,417.12,458
908,Digitized needs-based orchestration,Electronics,865.53,204
909,Ergonomic tangible capability,Books,670.54,147
910,Total well-modulated archive,Home & Garden,960.02,462
911,Ergonomic contextually-based Graphic Interface,Sports & Outdoors,102.61,469
912,Versatile discrete complexity,Automotive,636.15,351
913,Object-based scalable parallelism,Food & Beverage,602.09,77
914,Implemented radical installation,Toys,271.47,357
915,Profit-focused scalable forecast,Toys,530.56,138
916,Extended interactive extranet,Automotive,574.35,142
917,Monitored user-facing encoding,Food & Beverage,474.19,161
918,Progressive 24hour projection,Home & Garden,364.08,295
919,Synergized eco-centric forecast,Sports & Outdoors,932.5,355
920,Versatile cohesive architecture,Books,642.6,426
921,Centralized asymmetric methodology,Beauty,399.37,387
922,Monitored upward-trending approach,Clothing,923.67,346
923,Secured web-enabled Internet solution,Electronics,517.93,93
924,Configurable systematic task-force,Home & Garden,609.41,371
925,Universal local access,Books,262.06,143
926,User-friendly systematic array,Beauty,530.63,333
927,Intuitive optimizing throughput,Clothing,87.92,465
928,Multi-lateral tangible software,Health,876.73,324
929,Robust systematic architecture,Electronics,396.06,500
930,Re-contextualized empowering superstructure,Clothing,290.33,186
931,Intuitive local help-desk,Books,489.06,68
932,User-friendly mission-critical hub,Home & Garden,15.3,239
933,Proactive exuding task-force,Home & Garden,837.35,60
934,Pre-emptive foreground moratorium,Automotive,465.87,280
935,User-friendly content-based emulation,Books,918.65,430
936,Reverse-engineered composite analyzer,Health,126.34,265
937,Team-oriented heuristic installation,Toys,218.89,112
938,Persistent maximized Graphic Interface,Beauty,348.61,104
939,Open-architected maximized Local Area Network,Food & Beverage,34.07,455
940,Organized coherent circuit,Electronics,527.85,148
941,User-centric web-enabled info-mediaries,Health,542.76,120
942,Operative 4thgeneration challenge,Beauty,791.18,319
943,Intuitive homogeneous product,Home & Garden,569.02,420
944,Distributed impactful hierarchy,Home & Garden,577.82,385
945,Advanced intermediate utilization,Health,730.38,236
946,Switchable context-sensitive collaboration,Clothing,763.55,285
947,Reverse-engineered contextually-based data-warehouse,Automotive,694.77,254
948,Cross-platform 3rdgeneration infrastructure,Automotive,230.42,287
949,Phased coherent flexibility,Beauty,398.82,191
950,Mandatory dedicated adapter,Clothing,733.13,199
951,Proactive hybrid complexity,Food & Beverage,560.44,447
952,Innovative neutral focus group,Automotive,420.43,72
953,Focused content-based matrix,Toys,708.83,291
954,Robust uniform methodology,Clothing,246.23,303
955,Optional intermediate complexity,Automotive,485.93,168
956,Pre-emptive static approach,Electronics,581.04,117
957,Multi-channeled bi-directional architecture,Clothing,554.19,252
958,Inverse tertiary matrices,Automotive,773.69,415
959,Robust explicit circuit,Clothing,293.43,125
960,Front-line multi-state methodology,Beauty,275.18,106
961,Extended intangible matrix,Health,614.64,360
962,Advanced fault-tolerant product,Electronics,263.73,391
963,Diverse global product,Electronics,666.77,62
964,Integrated systemic process improvement,Clothing,29.32,340
965,Optimized reciprocal capability,Food & Beverage,879.81,288
966,Right-sized clear-thinking moderator,Beauty,572.9,173
967,Horizontal global success,Electronics,655.28,345
968,Multi-layered system-worthy capacity,Clothing,416.05,173
969,Multi-layered non-volatile leverage,Beauty,907.32,287
970,Cloned 3rdgeneration knowledge user,Sports & Outdoors,438.76,91
971,Multi-layered intangible encryption,Sports & Outdoors,941.0,135
972,Expanded fresh-thinking solution,Automotive,565.81,478
973,Focused foreground productivity,Beauty,19.45,429
974,Phased zero tolerance focus group,Automotive,911.15,381
975,Realigned global orchestration,Sports & Outdoors,415.69,263
976,Managed tangible core,Beauty,548.94,262
977,De-engineered fresh-thinking toolset,Food & Beverage,628.65,325
978,Self-enabling object-oriented emulation,Automotive,514.28,87
979,Triple-buffered optimizing pricing structure,Health,55.54,56
980,Front-line dynamic matrix,Books,847.43,426
981,Re-contextualized methodical adapter,Books,484.85,176
982,Intuitive multimedia attitude,Electronics,368.43,444
983,Networked web-enabled circuit,Toys,300.39,299
984,Secured fresh-thinking artificial intelligence,Health,904.17,134
985,Progressive mobile Local Area Network,Books,525.82,252
986,Robust upward-trending flexibility,Beauty,518.71,312
987,Cloned local info-mediaries,Sports & Outdoors,468.54,467
988,Vision-oriented content-based utilization,Sports & Outdoors,577.65,191
989,Visionary even-keeled structure,Books,32.63,328
990,Digitized high-level time-frame,Home & Garden,856.9,240
991,Centralized methodical encryption,Home & Garden,822.15,206
992,Face-to-face scalable ability,Home & Garden,439.48,384
993,Inverse heuristic process improvement,Toys,843.37,227
994,Polarized next generation circuit,Books,209.8,140
995,Future-proofed foreground matrix,Electronics,968.25,151
996,Intuitive real-time monitoring,Clothing,67.02,137
997,Exclusive secondary core,Automotive,940.95,417
998,Right-sized real-time capability,Clothing,706.97,39
999,Implemented upward-trending approach,Sports & Outdoors,75.74,42
1000,User-centric content-based moderator,Automotive,864.75,495
